commodity,flow,period_str,year,quarter,ln_quantity,ln_price,ln_demand,demand_source,price_currency,price_flag,weight_tonnes,price_usd_per_tonne,price_aud_per_tonne,value_usd,n_hs_codes,n_monthly_obs
clinker,import,2011Q1,2011,1,13.015844867084967,4.02171275332034,10.587593988443924,construction_gva,AUD,0,449479.204,56.56399093605229,55.79658982767483,25424337.621,1,3
clinker,import,2011Q2,2011,2,13.111720468034017,3.965542375811291,10.611474083292713,construction_gva,AUD,0,494706.763,56.87392587555954,52.748871344332045,28135915.769,1,3
clinker,import,2011Q3,2011,3,13.121541000344992,3.933430755714638,10.68290416824825,construction_gva,AUD,0,499588.9805,53.38337187563327,51.08192700637679,26669744.331,1,3
clinker,import,2011Q4,2011,4,12.94199290001648,3.9613410515009533,10.667256277574845,construction_gva,AUD,0,417480.41,53.70732466943779,52.527721116021226,22421755.923,1,3
clinker,import,2012Q1,2012,1,12.994150854480175,4.027868140538223,10.705377024100308,construction_gva,AUD,0,439833.205,59.59725273811467,56.14109864834588,26212850.681,1,3
clinker,import,2012Q2,2012,2,12.668112145118572,4.068807897874592,10.714973170044157,construction_gva,AUD,0,317461.6,59.15790421581698,58.48719830366914,18780362.925,1,3
clinker,import,2012Q3,2012,3,13.301833678228519,4.009185665456127,10.722584331418851,construction_gva,AUD,0,598291.683,57.46842465132514,55.10198084188366,34382880.504,1,3
clinker,import,2012Q4,2012,4,13.01182280170496,4.0375133633632885,10.737960669186508,construction_gva,AUD,0,447675.0,58.93908813313229,56.68521188290186,26385556.28,1,3
clinker,import,2013Q1,2013,1,12.752242187236323,4.0333595638015325,10.714817688773783,construction_gva,AUD,0,345325.31275,58.50836794181692,56.45024122298628,20204420.458,1,3
clinker,import,2013Q2,2013,2,13.053414076396741,4.045071603448143,10.729853576882297,construction_gva,AUD,0,466687.0,55.648924244729336,57.11527553840204,25970629.509,1,3
clinker,import,2013Q3,2013,3,13.582403167055654,4.0682306356853575,10.749527479199216,construction_gva,AUD,0,792068.508,53.16391540717586,58.45344559855169,42109463.156,1,3
clinker,import,2013Q4,2013,4,13.424432793878667,4.083091602808563,10.76106807892895,construction_gva,AUD,0,676327.56,54.40026654244284,59.328607098531144,36792399.534,1,3
clinker,import,2014Q1,2014,1,13.564864763240978,4.0995392102372215,10.78549735043341,construction_gva,AUD,0,778298.0,54.118843283677975,60.312489815512514,42120587.49,1,3
clinker,import,2014Q2,2014,2,13.565839062900606,4.112029944763435,10.7915845500395,construction_gva,AUD,0,779056.665,57.05002541631551,61.07056169564198,44445202.539000005,1,3
clinker,import,2014Q3,2014,3,13.497407413163174,4.076480898076914,10.7553037612248,construction_gva,AUD,0,727527.74384,53.82880212003655,58.93769671503412,39161946.96,1,3
clinker,import,2014Q4,2014,4,13.625972630109143,4.1620565826785505,10.759539838018519,construction_gva,AUD,0,827341.33702,54.5228762489714,64.20342657272585,45109029.334,1,3
clinker,import,2015Q1,2015,1,13.537148915049178,4.196386762397396,10.739977214206728,construction_gva,AUD,0,757023.0,51.39578004367107,66.44581226943707,38907787.596,1,3
clinker,import,2015Q2,2015,2,13.762469168126747,4.223224231901213,10.733217714882608,construction_gva,AUD,0,948340.76,53.04609654550755,68.253194027053,50305775.513,1,3
clinker,import,2015Q3,2015,3,13.700992422902297,4.255191300077169,10.736961733187352,construction_gva,AUD,0,891795.7655,50.38006391834566,70.47029687228897,44928727.668,1,3
clinker,import,2015Q4,2015,4,13.573900780571849,4.24009545449052,10.740540252898029,construction_gva,AUD,0,785362.584,49.95762726073541,69.4144774461075,39234851.236,1,3
clinker,import,2016Q1,2016,1,13.789502199810217,4.204719063448539,10.729634734557317,construction_gva,AUD,0,974326.946,48.84691359546983,67.00177177528373,47592864.145,1,3
clinker,import,2016Q2,2016,2,13.65466795793494,4.138278086184198,10.713105797383161,construction_gva,AUD,0,851426.075,46.62719989871112,62.69477345464099,39699613.798,1,3
clinker,import,2016Q3,2016,3,13.51567149315835,4.088083622654505,10.687548900946704,construction_gva,AUD,0,740937.454,45.04686810716954,59.62551715646052,33376911.766,1,3
clinker,import,2016Q4,2016,4,13.718234851978309,4.119728033020201,10.686749622538334,construction_gva,AUD,0,907305.822,45.7736001478011,61.542502459671425,41530653.908,1,3
clinker,import,2017Q1,2017,1,13.682080988727003,4.039113458562097,10.700296306368244,construction_gva,AUD,0,875089.1,43.33524630006247,56.77598622270432,37922201.683,1,3
clinker,import,2017Q2,2017,2,13.667827268928454,4.058588906086891,10.715395068816916,construction_gva,AUD,0,862704.29959,43.63622203910524,57.892561573158986,37645156.371,1,3
clinker,import,2017Q3,2017,3,13.929074929780745,4.026640918319352,10.74051860342465,construction_gva,AUD,0,1120264.0,44.33931083030429,56.07224330373896,49671733.708,1,3
clinker,import,2017Q4,2017,4,13.494070509736195,4.034259771196201,10.740063856180486,construction_gva,AUD,0,725104.1,43.42101923709989,56.501081027316644,31484759.075,1,3
clinker,import,2018Q1,2018,1,13.707531318663028,4.077333557442418,10.736874822010519,construction_gva,AUD,0,897646.232,46.24457257901129,58.98797192488772,41511266.326000005,1,3
clinker,import,2018Q2,2018,2,13.95156092530639,4.107783687098659,10.758987398772785,construction_gva,AUD,0,1145739.6,45.653895296103926,60.811790149100474,52307475.735,1,3
clinker,import,2018Q3,2018,3,13.937560585493115,4.133507709217178,10.742702836729976,construction_gva,AUD,0,1129810.622,45.56941131856344,62.39640797511859,51484804.946,1,3
clinker,import,2018Q4,2018,4,13.817052288886156,4.147543372661817,10.737352740034952,construction_gva,AUD,0,1001542.92,45.25127856827144,63.278357854836585,45321097.671,1,3
clinker,import,2019Q1,2019,1,13.634818388597354,4.23383602265329,10.738720061275421,construction_gva,AUD,0,834692.263,49.43348078092824,68.98133926967517,41261743.941,1,3
clinker,import,2019Q2,2019,2,13.908440995699982,4.243972404732642,10.726719568158678,construction_gva,AUD,0,1097385.396,48.70174612019349,69.68411627166475,53444584.95199999,1,3
clinker,import,2019Q3,2019,3,13.930040604383663,4.3041024442887945,10.730662877319089,construction_gva,AUD,0,1121346.333,50.219304205813096,74.00276403188171,56313232.617,1,3
clinker,import,2019Q4,2019,4,13.695689321587286,4.3344051396571,10.71103427340457,construction_gva,AUD,0,887079.0,52.64578789487746,76.2795697000037,46700972.88,1,3
clinker,import,2020Q1,2020,1,13.67306676764755,4.313904430619235,10.710253554880847,construction_gva,AUD,0,867236.3,48.32369108165791,74.73170481080055,41908059.056,1,3
clinker,import,2020Q2,2020,2,13.468108346195077,4.325267107991023,10.632412024471595,construction_gva,AUD,0,706521.1,50.59494897887692,75.58569970797143,35746399.007,1,3
clinker,import,2020Q3,2020,3,13.877851353370849,4.203822839438883,10.662890528873138,construction_gva,AUD,0,1064325.0,48.356025059075,66.9417500791893,51466526.371,1,3
clinker,import,2020Q4,2020,4,13.78040420560073,4.236223542234936,10.669211175914377,construction_gva,AUD,0,965502.7273,50.95968827202712,69.14623032994065,49201718.009,1,3
clinker,import,2021Q1,2021,1,13.733700268204204,4.189870373609185,10.713039040966176,construction_gva,AUD,0,921446.75,50.769893739383214,66.01423321897279,46781753.58400001,1,3
clinker,import,2021Q2,2021,2,13.828658422540542,4.156572294960772,10.726895156930228,construction_gva,AUD,0,1013234.6778,48.98340635237979,63.85228028270699,49631685.953,1,3
clinker,import,2021Q3,2021,3,13.87049407509672,4.216902594934157,10.704771391700652,construction_gva,AUD,0,1056523.2,49.5554683957721,67.82308304768502,52356502.047000006,1,3
clinker,import,2021Q4,2021,4,13.918195585694102,4.253701664031287,10.72535770879079,construction_gva,AUD,0,1108142.32,51.44733590898325,70.36539992643714,57010970.172000006,1,3
clinker,import,2022Q1,2022,1,13.88561070952365,4.368914784133293,10.736548837807,construction_gva,AUD,0,1072615.6,57.006008144017294,78.95789882403425,61145533.629,1,3
clinker,import,2022Q2,2022,2,13.96427559837861,4.334712150191688,10.738112593745406,construction_gva,AUD,0,1160400.31,53.96272369144748,76.30299192672662,62618361.3,1,3
clinker,import,2022Q3,2022,3,13.946400038811138,4.397283176401548,10.74218424297173,construction_gva,AUD,0,1139841.8,55.2084971826792,81.22988135056809,62928952.804,1,3
clinker,import,2022Q4,2022,4,13.97816756192933,4.495832758510462,10.74343705115356,construction_gva,AUD,0,1176633.04,59.41028046603213,89.64278870592567,69904098.912,1,3
clinker,import,2023Q1,2023,1,13.817681539677185,4.466896200214635,10.756348481750502,construction_gva,AUD,0,1002173.34,59.41985947361162,87.08600557899051,59548999.031,1,3
clinker,import,2023Q2,2023,2,14.044662614006278,4.513092941586472,10.764286715905591,construction_gva,AUD,0,1257533.24,59.99174717003902,91.20346972496577,75441616.192,1,3
clinker,import,2023Q3,2023,3,13.800540280436024,4.479150902724629,10.761216533412018,construction_gva,AUD,0,985141.22,57.65789415044475,88.15978465359642,56801168.186,1,3
clinker,import,2023Q4,2023,4,13.64760756981175,4.494591765287226,10.77628606133415,construction_gva,AUD,0,845435.848,59.13586059695922,89.5316116119082,49995576.451000005,1,3
clinker,import,2024Q1,2024,1,13.545161696373476,4.390280841827208,10.75395894337299,construction_gva,AUD,0,763113.227,52.76641325730815,80.66306936352889,40266747.898,1,3
clinker,import,2024Q2,2024,2,13.80060541821395,4.280668260888194,10.764244432607487,construction_gva,AUD,0,985205.392,47.67407222330752,72.28873160182299,46968753.013,1,3
clinker,import,2024Q3,2024,3,13.567697529479567,4.294782102290782,10.767747876315898,construction_gva,AUD,0,780505.862,49.39923987656098,73.3162372642433,38556396.302,1,3
clinker,import,2024Q4,2024,4,13.48555474327183,4.361109059987791,10.762043233759044,construction_gva,AUD,0,718955.5,50.37935363593435,78.34397442611723,36220513.383,1,3
clinker,export,2011Q1,2011,1,5.966454384103814,5.3837466008328105,4.419574301185631,trade_weighted_gdp,USD,0,390.12,217.8368963395878,,84982.53,1,3
clinker,export,2011Q2,2011,2,6.93828448401696,5.190527250220524,4.419574301185631,trade_weighted_gdp,USD,0,1031.0,179.5632027158099,,185129.662,1,3
clinker,export,2011Q3,2011,3,3.8958936234982624,5.194981561297641,4.419574301185631,trade_weighted_gdp,USD,0,49.2,180.36481707317077,,8873.949,1,1
clinker,export,2011Q4,2011,4,3.1780538303479458,5.180534174641641,4.419574301185631,trade_weighted_gdp,USD,0,24.0,177.77775,,4266.666,1,1
clinker,export,2012Q1,2012,1,6.561143813667682,5.184889220504969,4.464775147185402,trade_weighted_gdp,USD,0,707.08,178.5536686089268,,126251.728,1,3
clinker,export,2012Q2,2012,2,7.22402480828583,5.259037921057801,4.464775147185402,trade_weighted_gdp,USD,0,1372.0,192.29639795918368,,263830.658,1,3
clinker,export,2012Q3,2012,3,6.226141334235865,5.110554985454746,4.464775147185402,trade_weighted_gdp,USD,0,505.8,165.76232502965598,,83842.584,1,3
clinker,export,2012Q4,2012,4,6.068425588244111,5.146009066428618,4.464775147185402,trade_weighted_gdp,USD,0,432.0,171.74469907407405,,74193.70999999999,1,3
clinker,export,2013Q1,2013,1,6.222576268071369,5.107037866440518,4.513610066297729,trade_weighted_gdp,USD,0,504.0,165.18034325396826,,83250.893,1,2
clinker,export,2013Q2,2013,2,6.357408897053863,5.151385657442169,4.513610066297729,trade_weighted_gdp,USD,0,576.75,172.67058690940615,,99587.761,1,3
clinker,export,2013Q3,2013,3,5.8634976439558715,5.203644388397899,4.513610066297729,trade_weighted_gdp,USD,0,351.953,181.93407358368876,,64032.243,1,2
clinker,export,2013Q4,2013,4,5.648269764725942,5.288609224828419,4.513610066297729,trade_weighted_gdp,USD,0,283.8,198.0677660324172,,56211.632,1,2
clinker,export,2014Q1,2014,1,5.829533679961761,4.995423172488951,4.558245803317075,trade_weighted_gdp,USD,0,340.2,147.73544973544975,,50259.600000000006,1,2
clinker,export,2014Q2,2014,2,5.68561850402853,5.07842222487964,4.558245803317075,trade_weighted_gdp,USD,0,294.6,160.52059063136457,,47289.366,1,2
clinker,export,2014Q3,2014,3,8.312186665366676,4.965886595104099,4.558245803317075,trade_weighted_gdp,USD,0,4073.21,143.4356632729469,,584243.578,1,3
clinker,export,2014Q4,2014,4,4.276666119016055,4.821170954927311,4.558245803317075,trade_weighted_gdp,USD,0,72.0,124.11033333333332,,8935.944,1,3
clinker,export,2015Q1,2015,1,5.318149405176404,4.881730822122668,4.605170185988091,trade_weighted_gdp,USD,0,204.006,131.85869043067362,,26899.964,1,3
clinker,export,2015Q2,2015,2,5.099866427824199,4.886317262769487,4.605170185988091,trade_weighted_gdp,USD,0,164.0,132.46484146341464,,21724.234,1,2
clinker,export,2015Q3,2015,3,5.62040086571715,4.826871219112166,4.605170185988091,trade_weighted_gdp,USD,0,276.0,124.81981521739132,,34450.269,1,3
clinker,export,2015Q4,2015,4,5.318119993844216,4.8443253353547595,4.605170185988091,trade_weighted_gdp,USD,0,204.0,127.01755882352944,,25911.582,1,3
clinker,export,2016Q1,2016,1,5.214935757608986,4.807030144352427,4.649407142881142,trade_weighted_gdp,USD,0,184.0,122.36766304347827,,22515.65,1,3
clinker,export,2016Q2,2016,2,5.357811938333676,5.132776488448349,4.649407142881142,trade_weighted_gdp,USD,0,212.26,169.4870441910864,,35975.32,1,3
clinker,export,2016Q3,2016,3,5.209404182268811,4.95676512279168,4.649407142881142,trade_weighted_gdp,USD,0,182.985,142.1332677541875,,26008.256,1,2
clinker,export,2016Q4,2016,4,0.35065687161316933,7.396232462971689,4.649407142881142,trade_weighted_gdp,USD,1,1.42,1629.8323943661974,,2314.362,1,1
clinker,export,2018Q3,2018,3,10.31559720336296,3.641269333650768,4.741599284032133,trade_weighted_gdp,USD,0,30200.0,38.14021867549669,,1151834.604,1,1
clinker,export,2019Q2,2019,2,1.3711807233098425,7.1149173883946935,4.778460450005732,trade_weighted_gdp,USD,0,3.94,1230.1819796954317,,4846.917,1,1
clinker,export,2019Q3,2019,3,1.366091653802371,7.086255555881797,4.778460450005732,trade_weighted_gdp,USD,0,3.92,1195.4232142857145,,4686.059,1,1
clinker,export,2020Q1,2020,1,0.1823215567939546,7.3760558964261165,4.774611394170627,trade_weighted_gdp,USD,1,1.2,1597.2775,,1916.733,1,1
clinker,export,2021Q1,2021,1,3.7376696182833684,5.510739361119401,4.84047083168027,trade_weighted_gdp,USD,0,42.0,247.33392857142857,,10388.025,1,1
clinker,export,2021Q3,2021,3,4.31748811353631,5.188302778216702,4.84047083168027,trade_weighted_gdp,USD,0,75.0,179.16421333333335,,13437.316,1,1
clinker,export,2021Q4,2021,4,4.1538705415361274,6.066917750406253,4.84047083168027,trade_weighted_gdp,USD,0,63.68,431.3491048994975,,27468.311,1,1
clinker,export,2022Q2,2022,2,6.906268173789123,5.184816157211024,4.869022379495034,trade_weighted_gdp,USD,0,998.514,178.54062336632236,,178275.312,1,1
clinker,export,2023Q2,2023,2,3.1945831322991562,6.6267781643168435,4.910528181425606,trade_weighted_gdp,USD,0,24.4,755.0456147540984,,18423.113,1,1
clinker,export,2023Q3,2023,3,3.7062280924485496,7.762086082681592,4.910528181425606,trade_weighted_gdp,USD,0,40.7,2349.801375921376,,95636.916,1,2
clinker,export,2023Q4,2023,4,3.3593331775634567,7.743031322446674,4.910528181425606,trade_weighted_gdp,USD,0,28.77,2305.4503649635035,,66327.807,1,2
clinker,export,2024Q1,2024,1,3.9226661655266257,7.404581520832796,4.946731907456288,trade_weighted_gdp,USD,0,50.535,1643.4969229247058,,83054.117,1,2
clinker,export,2024Q3,2024,3,0.7217346374118577,7.72457997712061,4.946731907456288,trade_weighted_gdp,USD,0,2.058,2263.3017492711374,,4657.875,1,1
clinker,export,2024Q4,2024,4,6.435948424903295,5.614178680167208,4.946731907456288,trade_weighted_gdp,USD,0,623.874,274.2880084760705,,171121.157,1,1
cement,import,2011Q1,2011,1,11.747816788830397,4.731903177499392,13.080786931690664,final_demand,AUD,0,126477.13108,115.07257363225764,113.51138922698688,14554048.979,4,12
cement,import,2011Q2,2011,2,11.51693388257945,4.808834320111777,13.085871577378287,final_demand,AUD,0,100401.646206,132.17528200455888,122.58863509113594,13270615.901,4,11
cement,import,2011Q3,2011,3,11.901271145469728,4.5627277053699595,13.110276626029178,final_demand,AUD,0,147453.941572,100.16273958189366,95.84455931335498,14769390.75,4,12
cement,import,2011Q4,2011,4,11.969454625812084,4.654845871071099,13.113308505508092,final_demand,AUD,0,157858.54494,107.453071878036,105.09302087581237,16962385.575999998,4,12
cement,import,2012Q1,2012,1,11.877131705462427,4.584708401246169,13.131067387367716,final_demand,AUD,0,143937.104014,104.00611949608152,97.97461370105896,14970339.64,4,12
cement,import,2012Q2,2012,2,12.084989088974583,4.566056798703824,13.144222711757223,final_demand,AUD,0,177191.985748,97.26693560233174,96.16416650275393,17234921.467,4,12
cement,import,2012Q3,2012,3,12.125203293783052,4.490003814851482,13.144075944309979,final_demand,AUD,0,184462.836462,92.9492652983902,89.12178586438702,17145685.124,4,12
cement,import,2012Q4,2012,4,12.103956728808166,4.475003722569066,13.145941222530812,final_demand,AUD,0,180584.976302,91.28576540294084,87.79492723182676,16484837.782,4,12
cement,import,2013Q1,2013,1,11.497035739848814,4.867356788489834,13.145720464430974,final_demand,AUD,0,98423.585056,134.71575099053663,129.97690599597655,13259207.176,4,12
cement,import,2013Q2,2013,2,11.932836777030976,4.691737407481884,13.142183651603624,final_demand,AUD,0,152182.65819699998,106.24296043028856,109.04246652290321,16168336.133,4,12
cement,import,2013Q3,2013,3,11.389830708378884,5.026875145822178,13.152312394764186,final_demand,AUD,0,88417.98767199999,138.65993081046426,152.4558652283615,12260032.053,4,12
cement,import,2013Q4,2013,4,11.26548582328407,5.119549520274012,13.154664048353983,final_demand,AUD,0,78079.7347,153.3659615649283,167.26000540594907,11974773.591,4,12
cement,import,2014Q1,2014,1,11.26430458807768,5.112566627637394,13.15630866145707,final_demand,AUD,0,77987.55862000001,149.03927283625998,166.09611513554552,11623209.027,4,12
cement,import,2014Q2,2014,2,11.55621638493784,5.027906203301678,13.155769139530014,final_demand,AUD,0,104424.164141,142.56596150387375,152.6131370527116,14887331.365,4,12
cement,import,2014Q3,2014,3,11.403117378214596,5.093323520924351,13.158832230739097,final_demand,AUD,0,89600.60742300001,148.80716932034363,162.93046601459812,13333212.76,4,12
cement,import,2014Q4,2014,4,11.578153738324037,5.094590065628033,13.161514857391818,final_demand,AUD,0,106740.265616,138.5392728944397,163.1369554698573,14787718.787,4,12
cement,import,2015Q1,2015,1,11.58128592929125,5.023461378267579,13.165231277631504,final_demand,AUD,0,107075.120653,117.5226034232578,151.9363036778909,12583746.941,4,12
cement,import,2015Q2,2015,2,11.023378572330108,5.287448655485333,13.167390278898885,final_demand,AUD,0,61290.404261,153.75888678868768,197.83802799455472,9423944.33,4,12
cement,import,2015Q3,2015,3,11.13977458357328,5.256852321870393,13.170696294194967,final_demand,AUD,0,68856.133391,137.17487359280872,191.87657405857004,9445331.394,4,12
cement,import,2015Q4,2015,4,11.02326662307584,5.278364682112903,13.173457551968843,final_demand,AUD,0,61283.54323,141.09655157417697,196.04901061157955,8646896.617999999,4,12
cement,import,2016Q1,2016,1,11.345772305573869,5.088540840619452,13.181874909377813,final_demand,AUD,0,84607.001784,118.21594240550732,162.15308215478467,10001896.45,4,11
cement,import,2016Q2,2016,2,11.234515881411426,5.187811433695944,13.185576645782255,final_demand,AUD,0,75698.67087,133.18210565828392,179.07620360211632,10081708.382,4,12
cement,import,2016Q3,2016,3,11.700480781584556,4.783827840015607,13.187476733292742,final_demand,AUD,0,120629.697584,90.32801704913872,119.56113613623853,10896241.38,4,12
cement,import,2016Q4,2016,4,11.136518810547232,5.162353750171793,13.198488884393813,final_demand,AUD,0,68632.317993,129.8439345864569,174.5748780488771,8911490.208,4,12
cement,import,2017Q1,2017,1,11.481805488607284,4.971164010239393,13.205531043459233,final_demand,AUD,0,96935.92659,110.05902996238126,144.1946337528801,10668674.049,4,12
cement,import,2017Q2,2017,2,11.405157523676248,5.038034200358592,13.212609849160653,final_demand,AUD,0,89783.59229,116.20232820826912,154.1666561947761,10433062.459,4,12
cement,import,2017Q3,2017,3,12.639710607871598,4.556092281881814,13.223304943871861,final_demand,AUD,0,308572.0387,75.2881705447928,95.21069537679242,23231824.275,4,12
cement,import,2017Q4,2017,4,12.416701785223921,4.6249948303496184,13.231874069155236,final_demand,AUD,0,246890.892,78.38861478535225,102.0022457653879,19353435.027000003,4,12
cement,import,2018Q1,2018,1,12.364562495527164,4.678874471225455,13.241606679685574,final_demand,AUD,0,234348.0062,84.39304738151428,107.64884249045679,19777342.391,4,12
cement,import,2018Q2,2018,2,12.728968057462533,4.716195910922108,13.244094165975476,final_demand,AUD,0,337380.974,83.88955873664649,111.74236521344415,28302741.035,4,12
cement,import,2018Q3,2018,3,12.65485551338399,4.789209733887935,13.248620627487137,final_demand,AUD,0,313280.9007,87.78921979139982,120.2063361237694,27502685.848,4,12
cement,import,2018Q4,2018,4,12.261184096770931,4.7703456752113045,13.249549179286253,final_demand,AUD,0,211331.6748,84.35492778293168,117.96001076552893,17826868.166,4,12
cement,import,2019Q1,2019,1,12.699518276104744,4.699105361933537,13.252687883460384,final_demand,AUD,0,327590.0559,78.72000234302594,109.84885351283836,25787889.968,4,12
cement,import,2019Q2,2019,2,12.121490137485136,4.877559442611459,13.256152736752576,final_demand,AUD,0,183779.16719,91.7715119340127,131.30980339500817,16865692.035,4,12
cement,import,2019Q3,2019,3,12.070357316251124,4.912368137522767,13.26153906100687,final_demand,AUD,0,174618.22812,92.26502958172382,135.9610078337274,16111155.983,4,11
cement,import,2019Q4,2019,4,12.330629926751726,4.944644493589299,13.26586267498502,final_demand,AUD,0,226529.3796,96.91415506353157,140.42092143909076,21953903.421,4,12
cement,import,2020Q1,2020,1,12.058053175389055,5.0549920453401755,13.26269906819786,final_demand,AUD,0,172482.86469,101.39355750747764,156.80328302243137,17488651.259999998,4,12
cement,import,2020Q2,2020,2,11.98845568000608,5.1249094061200156,13.181974780205344,final_demand,AUD,0,160886.701686,112.56085929553151,168.15890679394306,18109545.391,4,12
cement,import,2020Q3,2020,3,12.266931651876408,4.882602041462688,13.229603924694663,final_demand,AUD,0,212549.81255,95.3324283795046,131.97361832836071,20262889.782,4,12
cement,import,2020Q4,2020,4,12.19834448089429,4.862726075635699,13.266550297716826,final_demand,AUD,0,198460.32417,95.34838816846218,129.37641169803044,18922872.025,4,12
cement,import,2021Q1,2021,1,12.243915966403515,4.892948678694403,13.286527752413827,final_demand,AUD,0,207713.699625,102.55321566395212,133.3461899870818,21301707.834,4,12
cement,import,2021Q2,2021,2,11.892232592829407,4.988466055315544,13.301222279456224,final_demand,AUD,0,146127.17641,112.54750005471622,146.71120393125904,16446248.395,4,11
cement,import,2021Q3,2021,3,12.290364657278797,4.87637457651515,13.285293122505816,final_demand,AUD,0,217589.30812,95.82892757993665,131.15431099787855,20851350.05,4,12
cement,import,2021Q4,2021,4,12.191917848950904,4.931551824224302,13.3208305559963,final_demand,AUD,0,197188.98231,101.33266739308422,138.5944197254727,19981685.558,4,12
cement,import,2022Q1,2022,1,12.113416553726243,4.958779711561622,13.34182977627261,final_demand,AUD,0,182301.38422,102.82428862075264,142.41989646178618,18745010.147,4,11
cement,import,2022Q2,2022,2,11.205245344528889,5.582591951683849,13.35124244913007,final_demand,AUD,0,73515.044,187.94949961534405,265.75954975480266,13817115.734,4,11
cement,import,2022Q3,2022,3,11.808530684480303,5.343605337470426,13.356775993620005,final_demand,AUD,0,134393.9491,142.22908566201212,209.26582577853037,19114728.499,4,10
cement,import,2022Q4,2022,4,11.877446708285035,5.339748066372396,13.362228736729433,final_demand,AUD,0,143982.45175,138.15587698519656,208.4601855422444,19892021.892,4,11
cement,import,2023Q1,2023,1,12.600152043741382,4.964703247151033,13.372047588714445,final_demand,AUD,0,296603.6586,97.75218504334389,143.2660293621818,28993655.72,4,12
cement,import,2023Q2,2023,2,12.849116944151486,4.9604779562742705,13.383383662212546,final_demand,AUD,0,380452.626083,93.8400765676704,142.6619657862255,35701703.562,4,11
cement,import,2023Q3,2023,3,12.045829010174614,5.165195901005591,13.387566684895683,final_demand,AUD,0,170387.24038000003,114.49969600123876,175.07175194489133,19509287.226,4,10
cement,import,2023Q4,2023,4,12.561289477940782,4.800024608759619,13.387519126665607,final_demand,AUD,0,285297.986,80.25991952498397,121.51340777618394,22897993.397,4,10
cement,import,2024Q1,2024,1,12.702228129745512,4.955811804639693,13.393659937566671,final_demand,AUD,0,328478.98089,92.88905635096876,141.99783409597572,30512102.566,4,12
cement,import,2024Q2,2024,2,12.860413194566606,4.718296227414515,13.397116733011543,final_demand,AUD,0,384774.679759,73.84849704974737,111.97730618483418,28415031.803,4,11
cement,import,2024Q3,2024,3,12.8518014414283,4.667753499596606,13.405520728727193,final_demand,AUD,0,381475.32222,71.72981092920983,106.45831494869901,27363152.737,4,10
cement,import,2024Q4,2024,4,12.581447181635646,4.8750312130339415,13.409056961462394,final_demand,AUD,0,291107.2927,84.22599426688977,130.97824137530995,24518801.166,4,11
cement,export,2011Q1,2011,1,8.572213999982855,6.099176597604578,4.419574301185631,trade_weighted_gdp,USD,0,5282.813,445.4908008290281,,2353444.594,4,12
cement,export,2011Q2,2011,2,8.944867525369865,6.004092094104745,4.419574301185631,trade_weighted_gdp,USD,0,7668.432650000001,405.0830444471595,,3106352.044,4,12
cement,export,2011Q3,2011,3,8.72324755073672,6.081823185419457,4.419574301185631,trade_weighted_gdp,USD,0,6144.1,437.8267067593301,,2690051.069,4,12
cement,export,2011Q4,2011,4,8.352575850026716,6.037191771377519,4.419574301185631,trade_weighted_gdp,USD,0,4241.0911,418.7155333682882,,1775810.722,4,11
cement,export,2012Q1,2012,1,8.222422319356085,6.080162584279438,4.464775147185402,trade_weighted_gdp,USD,0,3723.511,437.1002545715589,,1627547.606,4,9
cement,export,2012Q2,2012,2,7.582474197373334,6.352180666631566,4.464775147185402,trade_weighted_gdp,USD,0,1963.481,573.7424869402862,,1126532.472,4,11
cement,export,2012Q3,2012,3,8.749406093159047,5.847019015478309,4.464775147185402,trade_weighted_gdp,USD,0,6306.94126,346.200821442247,,2183468.245,4,10
cement,export,2012Q4,2012,4,9.04982279255828,5.485209924535936,4.464775147185402,trade_weighted_gdp,USD,0,8517.02851,241.09955139741567,,2053451.753,4,11
cement,export,2013Q1,2013,1,8.53036387591437,5.7168500609364745,4.513610066297729,trade_weighted_gdp,USD,0,5066.289,303.94600209344554,,1539878.287,4,10
cement,export,2013Q2,2013,2,8.252206290843217,5.664003964620957,4.513610066297729,trade_weighted_gdp,USD,0,3836.08,288.30068038205667,,1105944.474,4,10
cement,export,2013Q3,2013,3,7.963278769760312,5.6279665117412705,4.513610066297729,trade_weighted_gdp,USD,0,2873.479,278.0960372426595,,799103.123,4,10
cement,export,2013Q4,2013,4,7.740658254072256,6.231754226150014,4.513610066297729,trade_weighted_gdp,USD,0,2299.98586,508.6469831601487,,1169880.869,4,10
cement,export,2014Q1,2014,1,7.29053430623468,6.204943804594454,4.558245803317075,trade_weighted_gdp,USD,0,1466.35397,495.1911276920402,,726125.476,4,12
cement,export,2014Q2,2014,2,7.522652871185444,6.215583524145282,4.558245803317075,trade_weighted_gdp,USD,0,1849.46719,500.4879508027391,,925636.044,4,9
cement,export,2014Q3,2014,3,7.341863559915156,6.254243890046625,4.558245803317075,trade_weighted_gdp,USD,0,1543.586,520.2158856066328,,802997.958,4,11
cement,export,2014Q4,2014,4,7.819347650828258,6.054650474371215,4.558245803317075,trade_weighted_gdp,USD,0,2488.28165,426.0899500665449,,1060231.804,4,11
cement,export,2015Q1,2015,1,8.273425009603766,5.426889729844651,4.605170185988091,trade_weighted_gdp,USD,0,3918.34641,227.440742024644,,891191.615,4,11
cement,export,2015Q2,2015,2,7.507733435826145,5.661051071324029,4.605170185988091,trade_weighted_gdp,USD,0,1822.079,287.4506149294295,,523757.729,4,11
cement,export,2015Q3,2015,3,7.283394655893059,5.9052180259242615,4.605170185988091,trade_weighted_gdp,USD,0,1455.922,366.9472210736564,,534246.532,4,8
cement,export,2015Q4,2015,4,7.185608460756593,5.865415040241051,4.605170185988091,trade_weighted_gdp,USD,0,1320.2923399999995,352.6284807499528,,465572.682,4,8
cement,export,2016Q1,2016,1,6.883009614984564,5.977478499171686,4.649407142881142,trade_weighted_gdp,USD,0,975.558,394.4445209818381,,384803.508,4,9
cement,export,2016Q2,2016,2,7.581052241113463,5.937340826515423,4.649407142881142,trade_weighted_gdp,USD,0,1960.691,378.92595875637727,,742956.7170000001,4,11
cement,export,2016Q3,2016,3,7.994937162093362,6.230105691082291,4.649407142881142,trade_weighted_gdp,USD,0,2965.90402,507.8091515584514,,1506113.204,4,12
cement,export,2016Q4,2016,4,7.758901755365371,5.8302444199717245,4.649407142881142,trade_weighted_gdp,USD,0,2342.3307400000003,340.4418796979968,,797427.48,4,12
cement,export,2017Q1,2017,1,7.274482491548503,5.7294587710318465,4.696732880003459,trade_weighted_gdp,USD,0,1443.004232,307.8026315864609,,444160.5,4,11
cement,export,2017Q2,2017,2,8.340762759182159,5.228496292113528,4.696732880003459,trade_weighted_gdp,USD,0,4191.2854640000005,186.512132784664,,781725.591,4,10
cement,export,2017Q3,2017,3,8.354576904473499,5.368746887247825,4.696732880003459,trade_weighted_gdp,USD,0,4249.586251,214.593788933077,,911934.815,4,12
cement,export,2017Q4,2017,4,8.109817349017405,5.6140460012614275,4.696732880003459,trade_weighted_gdp,USD,0,3326.9703,274.25161865737124,,912426.99,4,11
cement,export,2018Q1,2018,1,7.966316843679936,5.436294552445691,4.741599284032133,trade_weighted_gdp,USD,0,2882.222116,229.58987210824665,,661729.007,4,11
cement,export,2018Q2,2018,2,8.163788104805256,5.4069506342560585,4.741599284032133,trade_weighted_gdp,USD,0,3511.463232,222.9506918556281,,782883.157,4,12
cement,export,2018Q3,2018,3,8.548295724210837,5.443384075475927,4.741599284032133,trade_weighted_gdp,USD,0,5157.956352,231.22333820012904,,1192639.886,4,11
cement,export,2018Q4,2018,4,9.244649089082102,5.37305305782706,4.741599284032133,trade_weighted_gdp,USD,0,10349.0405,215.5198588700083,,2230423.748,4,11
cement,export,2019Q1,2019,1,7.6634055427681655,5.99952888594656,4.778460450005732,trade_weighted_gdp,USD,0,2128.995482,403.2387772817266,,858493.535,4,10
cement,export,2019Q2,2019,2,8.113400583898898,5.637114100358061,4.778460450005732,trade_weighted_gdp,USD,0,3338.913,280.6516162595432,,937071.33,4,11
cement,export,2019Q3,2019,3,8.002659333975867,5.155329385589928,4.778460450005732,trade_weighted_gdp,USD,0,2988.8959,173.35289730231153,,518133.764,4,9
cement,export,2019Q4,2019,4,7.8958742721570285,5.301501215116734,4.778460450005732,trade_weighted_gdp,USD,0,2686.177,200.6377844795782,,538948.602,4,10
cement,export,2020Q1,2020,1,7.96606471612972,5.283119234637554,4.774611394170627,trade_weighted_gdp,USD,0,2881.49552,196.9833553654111,,567606.656,4,10
cement,export,2020Q2,2020,2,6.9244176868284635,5.615822831600779,4.774611394170627,trade_weighted_gdp,USD,0,1016.802,274.7393504340078,,279355.521,4,8
cement,export,2020Q3,2020,3,6.640714671446348,5.666204269463942,4.774611394170627,trade_weighted_gdp,USD,0,765.64198,288.9357281584795,,221221.323,4,8
cement,export,2020Q4,2020,4,7.1144542279580225,5.915881988234088,4.774611394170627,trade_weighted_gdp,USD,0,1229.61234,370.8812714094916,,456040.188,4,10
cement,export,2021Q1,2021,1,7.070693061748633,5.452030432502023,4.84047083168027,trade_weighted_gdp,USD,0,1176.96346,233.2312457686664,,274504.654,4,10
cement,export,2021Q2,2021,2,6.9522409540214145,6.005282333840979,4.84047083168027,trade_weighted_gdp,USD,0,1045.49,405.5654774316349,,424014.651,4,10
cement,export,2021Q3,2021,3,8.323848704740387,5.482955303983583,4.84047083168027,trade_weighted_gdp,USD,0,4120.99,240.55657572573585,,991331.243,4,11
cement,export,2021Q4,2021,4,7.063320386606042,5.794554891790024,4.84047083168027,trade_weighted_gdp,USD,0,1168.318,328.5059307483065,,383799.392,4,10
cement,export,2022Q1,2022,1,8.657640371484153,5.455247538202775,4.869022379495034,trade_weighted_gdp,USD,0,5753.941467000001,233.98278357912253,,1346323.241,3,9
cement,export,2022Q2,2022,2,7.178237305083969,5.6669664812038585,4.869022379495034,trade_weighted_gdp,USD,0,1310.59604,289.15604231491494,,378966.764,4,10
cement,export,2022Q3,2022,3,8.096543986163033,5.424517560509582,4.869022379495034,trade_weighted_gdp,USD,0,3283.102,226.90185349099724,,744941.929,4,10
cement,export,2022Q4,2022,4,7.75670953535919,5.663566935655848,4.869022379495034,trade_weighted_gdp,USD,0,2337.20146,288.17471216195463,,673522.358,4,11
cement,export,2023Q1,2023,1,7.456461718639864,5.504761127075087,4.910528181425606,trade_weighted_gdp,USD,0,1731.0123999999998,245.85971943355236,,425586.223,4,12
cement,export,2023Q2,2023,2,7.640109331253417,5.729592055167679,4.910528181425606,trade_weighted_gdp,USD,0,2079.97121,307.8436595283451,,640305.949,4,9
cement,export,2023Q3,2023,3,7.848616469644728,5.804209102682272,4.910528181425606,trade_weighted_gdp,USD,0,2562.187,331.6927546662285,,849858.8640000001,4,10
cement,export,2023Q4,2023,4,7.900362918657153,5.687440098820915,4.910528181425606,trade_weighted_gdp,USD,0,2698.2614,295.137130894731,,796357.128,3,9
cement,export,2024Q1,2024,1,7.151316170578563,5.609352981629437,4.946731907456288,trade_weighted_gdp,USD,0,1275.784,272.96756582619,,348247.65300000005,3,9
cement,export,2024Q2,2024,2,7.792275160038282,5.813197931691918,4.946731907456288,trade_weighted_gdp,USD,0,2421.82135,334.687724592072,,810553.877,4,9
cement,export,2024Q3,2024,3,7.124745537561311,5.841070948058288,4.946731907456288,trade_weighted_gdp,USD,0,1242.332,344.1477076981032,,427545.71,4,12
cement,export,2024Q4,2024,4,7.7886010881063,5.713392881592428,4.946731907456288,trade_weighted_gdp,USD,0,2412.93973,302.8970205567463,,730872.255,4,8
lime,import,2011Q1,2011,1,11.844134002315213,3.3159122556099954,13.080786931690664,final_demand,AUD,0,139265.01816,27.9263889552779,27.547512898574464,3889169.065,4,10
lime,import,2011Q2,2011,2,11.739402048835132,3.7266401666019973,13.085871577378287,final_demand,AUD,0,125417.32416,44.787755269231866,41.5393082880776,5617160.421,5,11
lime,import,2011Q3,2011,3,11.981426572244956,3.5093180025119652,13.110276626029178,final_demand,AUD,0,159759.777,34.93141460131107,33.42546392630784,5580635.007,6,14
lime,import,2011Q4,2011,4,12.00866317648359,3.4992533409865083,13.113308505508092,final_demand,AUD,0,164170.89,33.833846646016234,33.09073523663145,5554532.716,5,10
lime,import,2012Q1,2012,1,11.206942548980319,3.797396059512349,13.131067387367716,final_demand,AUD,0,73639.92,47.329671202793264,44.584936686023646,3485353.201,4,10
lime,import,2012Q2,2012,2,12.234894720143872,3.367079890292628,13.144222711757223,final_demand,AUD,0,205848.29,29.326226086211356,28.9937384249641,6036753.492,6,12
lime,import,2012Q3,2012,3,11.822378573416783,3.503781284467599,13.144075944309979,final_demand,AUD,0,136267.96723100002,34.66849257383856,33.24090794572685,4724205.01,5,11
lime,import,2012Q4,2012,4,12.065243891814097,3.6019172602540506,13.145941222530812,final_demand,AUD,0,173727.61,38.12645518464221,36.668470092439314,6623617.937,5,13
lime,import,2013Q1,2013,1,12.004727644997672,3.4135115204932225,13.145720464430974,final_demand,AUD,0,163526.06,31.479034173513384,30.37170810043067,5147642.431,5,11
lime,import,2013Q2,2013,2,11.690279965891062,3.6162892125988466,13.142183651603624,final_demand,AUD,0,119405.431146,36.2442357894788,37.19927279620251,4327758.601,5,11
lime,import,2013Q3,2013,3,12.037960142066666,3.6434944249329195,13.152312394764186,final_demand,AUD,0,169051.74696000002,34.76613127453007,38.225178630345034,5877275.227,5,13
lime,import,2013Q4,2013,4,11.877419761929938,4.149750383393236,13.154664048353983,final_demand,AUD,0,143978.572,58.150113691918,63.41816809428814,8372370.331,4,12
lime,import,2014Q1,2014,1,11.921806535064542,3.8165859725180042,13.15630866145707,final_demand,AUD,0,150513.27045500002,40.78152630292601,45.44877976998627,6138160.898,6,13
lime,import,2014Q2,2014,2,11.613912892056423,3.9676324895560637,13.155769139530014,final_demand,AUD,0,110626.273273,49.379288078515074,52.85923778437805,5462646.617,4,12
lime,import,2014Q3,2014,3,11.986526547726092,3.9087248364903457,13.158832230739097,final_demand,AUD,0,160576.62913800002,45.51548590996304,49.83536320233814,7308723.301,5,13
lime,import,2014Q4,2014,4,11.698759675167254,3.883518859330892,13.161514857391818,final_demand,AUD,0,120422.2596,41.26780425402348,48.59491322765285,4969562.237,5,14
lime,import,2015Q1,2015,1,11.75586536814132,3.963952015934473,13.165231277631504,final_demand,AUD,0,127499.199884,40.73637069664295,52.665048327847074,5193854.67,6,15
lime,import,2015Q2,2015,2,11.995545166716594,3.744010993086344,13.167390278898885,final_demand,AUD,0,162031.35854,32.84987838749748,42.26718400332218,5322710.423,5,14
lime,import,2015Q3,2015,3,11.964600759629393,3.909908780424014,13.170696294194967,final_demand,AUD,0,157094.177257,35.67010774583187,49.894400419765255,5603566.229,6,16
lime,import,2015Q4,2015,4,12.024866610510383,3.9366856501315426,13.173457551968843,final_demand,AUD,0,166852.69069999998,36.88354021850965,51.248464168805455,6154117.928,6,16
lime,import,2016Q1,2016,1,11.70111701966667,4.071407894450892,13.181874909377813,final_demand,AUD,0,120706.471212,42.75046302146387,58.63946267666491,5160257.534,6,15
lime,import,2016Q2,2016,2,11.317439485723739,4.419649044455029,13.185576645782255,final_demand,AUD,0,82243.487464,61.77847593372088,83.06712737310833,5080877.311,6,15
lime,import,2016Q3,2016,3,11.68293826605891,4.039417662021969,13.187476733292742,final_demand,AUD,0,118532.002461,42.907108033321016,56.793260301434934,5085865.435,5,13
lime,import,2016Q4,2016,4,11.99841513162108,3.9310956123749317,13.198488884393813,final_demand,AUD,0,162497.05079299997,37.90469898956058,50.96278254858219,6159401.797,6,15
lime,import,2017Q1,2017,1,11.740258221299234,4.117060271038448,13.205531043459233,final_demand,AUD,0,125524.749,46.848224886711385,61.37854051431213,5880611.67,6,15
lime,import,2017Q2,2017,2,12.062641593203535,3.990851017366107,13.212609849160653,final_demand,AUD,0,173276.10661000002,40.77828451503432,54.10091059255292,7065902.375,5,15
lime,import,2017Q3,2017,3,11.753717230380571,4.124392729005352,13.223304943871861,final_demand,AUD,0,127225.608,48.89247366772262,61.83025012974426,6220374.689,6,16
lime,import,2017Q4,2017,4,11.838244913527715,4.1165910976923845,13.231874069155236,final_demand,AUD,0,138447.28432,47.14721613399718,61.34975009345972,6527404.037,5,14
lime,import,2018Q1,2018,1,12.308845825920976,3.8739234458005964,13.241606679685574,final_demand,AUD,0,221648.002,37.73296048028441,48.13085491602358,8363435.3,6,15
lime,import,2018Q2,2018,2,11.818706992349087,4.142406107845147,13.244094165975476,final_demand,AUD,0,135768.56569999998,47.26222514700987,62.95411375039399,6416724.5200000005,6,16
lime,import,2018Q3,2018,3,12.172541572115497,4.075715006652873,13.248620627487137,final_demand,AUD,0,193404.9724,43.01048763521864,58.892574120277196,8318442.174000001,6,16
lime,import,2018Q4,2018,4,12.316812336276717,3.9373702016932532,13.249549179286253,final_demand,AUD,0,223420.815295,36.67362216085946,51.28355839552087,8193650.563,6,16
lime,import,2019Q1,2019,1,12.142893946082534,4.226584601545827,13.252687883460384,final_demand,AUD,0,187755.14,49.07631434217992,68.4829357808287,9214330.27,5,14
lime,import,2019Q2,2019,2,12.19401228815844,4.166424573476737,13.256152736752576,final_demand,AUD,0,197602.41545,45.06775629599218,64.48447992156905,8905497.503,6,17
lime,import,2019Q3,2019,3,12.41373913869044,4.211248199700277,13.26153906100687,final_demand,AUD,0,246160.524,45.76617376310102,67.44066671558586,11265825.315,6,15
lime,import,2019Q4,2019,4,12.436509408879957,4.136388305509076,13.26586267498502,final_demand,AUD,0,251829.96807,43.18829023945562,62.576405962861365,10876105.752,6,15
lime,import,2020Q1,2020,1,12.021804621597568,4.428858029879811,13.26269906819786,final_demand,AUD,0,166342.571,54.210549961981776,83.83562444648805,9017522.256,6,15
lime,import,2020Q2,2020,2,12.445521380305872,4.138155342537616,13.181974780205344,final_demand,AUD,0,254109.7096,41.960973473954965,62.68707854178603,10662690.784,5,14
lime,import,2020Q3,2020,3,12.424381666110598,4.002320415388811,13.229603924694663,final_demand,AUD,0,248794.2842,39.53112765683063,54.72498752160057,9835118.609,5,13
lime,import,2020Q4,2020,4,12.197586318582928,4.154142012096546,13.266550297716826,final_demand,AUD,0,198309.916056,46.94390432988304,63.69728959198888,9309441.727,6,16
lime,import,2021Q1,2021,1,12.083147339679854,4.3173371787640225,13.286527752413827,final_demand,AUD,0,176865.94287,57.67191660803431,74.98868074633435,10200197.908,6,16
lime,import,2021Q2,2021,2,12.06095730299461,4.523824341227019,13.301222279456224,final_demand,AUD,0,172984.505,70.72036935909375,92.18748107325187,12233528.087,6,14
lime,import,2021Q3,2021,3,12.15921431833152,4.695505308437767,13.285293122505816,final_demand,AUD,0,190844.51508,79.9734999646289,109.45410275201476,15262503.82,6,15
lime,import,2021Q4,2021,4,12.37001224892772,4.718911992292864,13.3208305559963,final_demand,AUD,0,235628.63142,81.92211747218745,112.04627911052813,19303196.423,6,17
lime,import,2022Q1,2022,1,12.416076905986959,4.427177838771054,13.34182977627261,final_demand,AUD,0,246736.6632,60.426014928777725,83.69488284519947,14909313.294,6,16
lime,import,2022Q2,2022,2,12.386630266921077,4.701614118147875,13.35124244913007,final_demand,AUD,0,239577.02866,77.88204777545637,110.12478348251774,18658749.592,6,16
lime,import,2022Q3,2022,3,12.684829060578451,4.561746835540098,13.356775993620005,final_demand,AUD,0,322813.1851,65.07760852919387,95.75059436799182,21007910.088,6,15
lime,import,2022Q4,2022,4,12.31333677765991,4.865266683955686,13.362228736729433,final_demand,AUD,0,222645.651,85.96164502220616,129.7055243821856,19138986.417,6,18
lime,import,2023Q1,2023,1,12.51786131566376,4.8006110139417695,13.372047588714445,final_demand,AUD,0,273173.202849,82.95873527363067,121.58468476475983,22662103.419,6,17
lime,import,2023Q2,2023,2,12.192326748535054,5.077967000540583,13.383383662212546,final_demand,AUD,0,197269.62929,105.5390540040691,160.44753438134254,20819650.059,6,16
lime,import,2023Q3,2023,3,11.992187469757917,5.04595835574312,13.387566684895683,final_demand,AUD,0,161488.2187,101.62957880220894,155.3931497785952,16411979.648,6,17
lime,import,2023Q4,2023,4,12.408352906737028,4.420789456340482,13.387519126665607,final_demand,AUD,0,244838.21066,54.92865765824333,83.16191214902496,13448634.255,6,17
lime,import,2024Q1,2024,1,12.284160130369937,4.683081270500003,13.393659937566671,final_demand,AUD,0,216243.44893,70.7162438846882,108.10265343947363,15291924.473,6,17
lime,import,2024Q2,2024,2,12.362035564616596,4.619153540118614,13.397116733011543,final_demand,AUD,0,233756.57255,66.8781943517592,101.40815785284025,15633217.49,6,18
lime,import,2024Q3,2024,3,12.34593019759545,4.859989976600178,13.405520728727193,final_demand,AUD,0,230021.99128,86.93345242220182,129.02290885269522,19996605.835,6,17
lime,import,2024Q4,2024,4,12.427374294783778,4.851515923131437,13.409056961462394,final_demand,AUD,0,249539.9483,82.26850130352456,127.93418130718312,20529277.562000003,6,17
lime,export,2011Q1,2011,1,10.427138637331256,2.5399858280025045,4.419574301185631,trade_weighted_gdp,USD,0,33763.602,12.679491275841956,,428105.297,4,7
lime,export,2011Q2,2011,2,5.948034989180646,5.778681467949516,4.419574301185631,trade_weighted_gdp,USD,0,383.0,323.33258485639686,,123836.38,3,6
lime,export,2011Q3,2011,3,10.437306150202664,2.6390774122987457,4.419574301185631,trade_weighted_gdp,USD,0,34108.645,14.000281160392037,,477530.62,4,9
lime,export,2011Q4,2011,4,5.899247827617672,6.106098499792328,4.419574301185631,trade_weighted_gdp,USD,0,364.763,448.585141585084,,163627.262,4,8
lime,export,2012Q1,2012,1,10.437446966755443,2.841769170282481,4.464775147185402,trade_weighted_gdp,USD,0,34113.4484,17.14607304255995,,584911.678,4,12
lime,export,2012Q2,2012,2,10.435667040983681,2.910688354884782,4.464775147185402,trade_weighted_gdp,USD,0,34052.783,18.369438909001943,,625530.517,4,10
lime,export,2012Q3,2012,3,10.444969919275408,2.9486366571657077,4.464775147185402,trade_weighted_gdp,USD,0,34371.05,19.07992351121074,,655797.005,4,10
lime,export,2012Q4,2012,4,10.43424285435054,2.9536034885445015,4.464775147185402,trade_weighted_gdp,USD,0,34004.32,19.17492600940116,,652030.32,4,8
lime,export,2013Q1,2013,1,6.439057996094321,5.671046817425714,4.513610066297729,trade_weighted_gdp,USD,0,625.817,290.3383065656573,,181698.648,4,9
lime,export,2013Q2,2013,2,10.431086720554898,2.904707917792589,4.513610066297729,trade_weighted_gdp,USD,0,33897.167,18.25990947857088,,618959.201,5,10
lime,export,2013Q3,2013,3,6.371786191007456,5.205232846125228,4.513610066297729,trade_weighted_gdp,USD,0,585.102,182.22329781815824,,106619.216,4,9
lime,export,2013Q4,2013,4,7.266098031354868,6.004253992628773,4.513610066297729,trade_weighted_gdp,USD,0,1430.956,405.1486321032932,,579749.8659999999,4,10
lime,export,2014Q1,2014,1,5.85811885152641,5.856550692623495,4.558245803317075,trade_weighted_gdp,USD,0,350.065,349.5164726550784,,122353.484,4,8
lime,export,2014Q2,2014,2,5.821209891532165,5.952673672795558,4.558245803317075,trade_weighted_gdp,USD,0,337.38,384.780742782619,,129817.327,3,7
lime,export,2014Q3,2014,3,6.686456275443229,6.06776663945183,4.558245803317075,trade_weighted_gdp,USD,0,801.477,431.7154278912557,,346009.986,5,10
lime,export,2014Q4,2014,4,7.291808104994655,5.914269685883152,4.558245803317075,trade_weighted_gdp,USD,0,1468.223,370.28378046114256,,543659.1630000001,5,13
lime,export,2015Q1,2015,1,6.070968648220581,5.596456492813491,4.605170185988091,trade_weighted_gdp,USD,0,433.1,269.46984530131607,,116707.39,4,6
lime,export,2015Q2,2015,2,6.030541019089775,5.9348084296739865,4.605170185988091,trade_weighted_gdp,USD,0,415.94,377.9675818627687,,157211.836,4,10
lime,export,2015Q3,2015,3,6.673789629435975,5.609505231454704,4.605170185988091,trade_weighted_gdp,USD,0,791.389,273.00912825424666,,216056.421,4,10
lime,export,2015Q4,2015,4,6.340429847976662,5.567588667467657,4.605170185988091,trade_weighted_gdp,USD,0,567.04,261.80204571106094,,148452.232,4,8
lime,export,2016Q1,2016,1,6.198454325950959,5.374261436413271,4.649407142881142,trade_weighted_gdp,USD,0,491.988,215.78044586453328,,106161.39,4,8
lime,export,2016Q2,2016,2,6.691252131305182,6.66370810338398,4.649407142881142,trade_weighted_gdp,USD,0,805.33,783.4506736368942,,630936.331,4,9
lime,export,2016Q3,2016,3,6.158143561441065,6.203743951245291,4.649407142881142,trade_weighted_gdp,USD,0,472.55,494.5973272669559,,233721.967,4,11
lime,export,2016Q4,2016,4,6.52960130336628,5.843709421437475,4.649407142881142,trade_weighted_gdp,USD,0,685.125,345.0569312169312,,236407.13,4,11
lime,export,2017Q1,2017,1,6.739333077055013,5.764411196258344,4.696732880003459,trade_weighted_gdp,USD,0,844.997,318.75130680937326,,269343.898,4,11
lime,export,2017Q2,2017,2,6.760270995939381,5.638097530349419,4.696732880003459,trade_weighted_gdp,USD,0,862.876,280.927753234532,,242405.816,4,10
lime,export,2017Q3,2017,3,6.46393645732789,5.634838681120561,4.696732880003459,trade_weighted_gdp,USD,0,641.5816510000001,280.0137421635831,,179651.679,5,10
lime,export,2017Q4,2017,4,6.133682167488464,6.066481021547616,4.696732880003459,trade_weighted_gdp,USD,0,461.131,431.1607634273125,,198821.594,4,10
lime,export,2018Q1,2018,1,6.647593686849815,5.780849587366818,4.741599284032133,trade_weighted_gdp,USD,0,770.927,324.03436901288967,,249806.844,5,9
lime,export,2018Q2,2018,2,6.381252406830843,5.552818806547967,4.741599284032133,trade_weighted_gdp,USD,0,590.667,257.96368173607124,,152370.634,5,12
lime,export,2018Q3,2018,3,6.448458921760078,5.409586494614534,4.741599284032133,trade_weighted_gdp,USD,0,631.728,223.53913393105896,,141215.93,4,11
lime,export,2018Q4,2018,4,6.061363674487649,5.304835822472853,4.741599284032133,trade_weighted_gdp,USD,0,428.96,201.30794945915704,,86353.058,4,8
lime,export,2019Q1,2019,1,6.625872358894693,5.776748200555707,4.778460450005732,trade_weighted_gdp,USD,0,754.362,322.708100355002,,243438.728,3,8
lime,export,2019Q2,2019,2,6.451212642680907,6.335652725388659,4.778460450005732,trade_weighted_gdp,USD,0,633.47,564.3376402986725,,357490.965,5,11
lime,export,2019Q3,2019,3,6.350569785487372,5.306516316011275,4.778460450005732,trade_weighted_gdp,USD,0,572.819,201.64653057946757,,115506.964,2,5
lime,export,2019Q4,2019,4,6.764089275668818,4.99976977951715,4.778460450005732,trade_weighted_gdp,USD,0,866.177,148.37899528618283,,128522.473,2,6
lime,export,2020Q1,2020,1,6.159338487904935,5.247869019755033,4.774611394170627,trade_weighted_gdp,USD,0,473.115,190.16060788603195,,89967.836,2,5
lime,export,2020Q2,2020,2,5.516412194479635,5.166496560493257,4.774611394170627,trade_weighted_gdp,USD,0,248.741,175.2996088300682,,43604.2,2,5
lime,export,2020Q3,2020,3,10.560192586149936,6.031170943714523,4.774611394170627,trade_weighted_gdp,USD,0,38568.555,416.2020933892909,,16052313.33,3,6
lime,export,2020Q4,2020,4,6.060057338573594,5.1784999099187825,4.774611394170627,trade_weighted_gdp,USD,0,428.4,177.4164705882353,,76005.216,2,5
lime,export,2021Q1,2021,1,9.531735228288122,6.268708993321509,4.84047083168027,trade_weighted_gdp,USD,0,13790.5,527.7955502701135,,7278564.536,3,6
lime,export,2021Q2,2021,2,6.610857539079265,4.582052932887117,4.84047083168027,trade_weighted_gdp,USD,0,743.12,97.71479034341696,,72613.815,4,6
lime,export,2021Q3,2021,3,5.652138241503862,5.057588698047437,4.84047083168027,trade_weighted_gdp,USD,0,284.9,157.2109757809758,,44789.407,2,4
lime,export,2021Q4,2021,4,6.9014051595833354,4.808501491152812,4.84047083168027,trade_weighted_gdp,USD,0,993.67,122.54784083246956,,121772.113,2,5
lime,export,2022Q1,2022,1,5.943953564436931,5.570008952608858,4.869022379495034,trade_weighted_gdp,USD,0,381.44,262.43644872063754,,100103.759,3,4
lime,export,2022Q2,2022,2,6.558793370107705,5.487382417054356,4.869022379495034,trade_weighted_gdp,USD,0,705.42,241.62390774290492,,170446.337,2,4
lime,export,2022Q3,2022,3,6.802638622477139,6.754538078703808,4.869022379495034,trade_weighted_gdp,USD,0,900.2195,857.9433560370553,,772337.3389999999,4,7
lime,export,2022Q4,2022,4,9.95989718611009,6.617614592528145,4.869022379495034,trade_weighted_gdp,USD,0,21160.62,748.1583044353143,,15831493.58,5,8
lime,export,2023Q1,2023,1,5.511515626996378,5.865100040583561,4.910528181425606,trade_weighted_gdp,USD,0,247.526,352.5174203922012,,87257.227,4,6
lime,export,2023Q2,2023,2,4.836837308243178,5.723412732388551,4.910528181425606,trade_weighted_gdp,USD,0,126.07,305.9472594590307,,38570.771,3,4
lime,export,2023Q3,2023,3,4.701661486176852,7.080928134105942,4.910528181425606,trade_weighted_gdp,USD,0,110.13,1189.071624443839,,130952.45799999998,2,4
lime,export,2023Q4,2023,4,4.912948960138995,5.682931538593838,4.910528181425606,trade_weighted_gdp,USD,0,136.04,293.8094825051455,,39969.842,2,3
lime,export,2024Q1,2024,1,3.202746442938317,6.35256225715748,4.946731907456288,trade_weighted_gdp,USD,0,24.6,573.9614634146341,,14119.452,2,2
lime,export,2024Q2,2024,2,4.578076442989975,6.275619286303025,4.946731907456288,trade_weighted_gdp,USD,0,97.327,531.4554029200531,,51724.96,2,3
lime,export,2024Q3,2024,3,5.081466474856847,6.354749475341845,4.946731907456288,trade_weighted_gdp,USD,0,161.01,575.2182162598597,,92615.885,2,4
lime,export,2024Q4,2024,4,4.4520190064939165,5.649998533641605,4.946731907456288,trade_weighted_gdp,USD,0,85.8,284.291048951049,,24392.172,2,2
crude_steel,import,2011Q1,2011,1,7.687242527921167,7.532029569016143,10.587593988443924,construction_gva,AUD,0,2180.354,1892.567015723135,1866.8906445634955,4126466.063,11,27
crude_steel,import,2011Q2,2011,2,7.814882958018445,7.502919233910221,10.611474083292713,construction_gva,AUD,0,2477.197,1955.1336817378676,1813.3282246879248,4843251.291,13,26
crude_steel,import,2011Q3,2011,3,7.793639997833021,7.429594980658255,10.68290416824825,construction_gva,AUD,0,2425.129,1761.0465364935226,1685.124926944822,4270765.026,11,26
crude_steel,import,2011Q4,2011,4,7.819163309849295,7.505148668961711,10.667256277574845,construction_gva,AUD,0,2487.823,1858.1878349062615,1817.3754320084838,4622842.434,11,23
crude_steel,import,2012Q1,2012,1,7.6342226255792145,7.28514103192604,10.705377024100308,construction_gva,AUD,0,2067.763,1548.2528326505503,1458.466808736412,3201419.9220000003,9,21
crude_steel,import,2012Q2,2012,2,7.986285261247511,7.245095711285707,10.714973170044157,construction_gva,AUD,0,2940.354,1417.284541249115,1401.21600174265,4167318.27,7,18
crude_steel,import,2012Q3,2012,3,7.6665310113802745,7.505722309558995,10.722584331418851,construction_gva,AUD,0,2135.66,1896.513168294579,1818.4182514099648,4050307.313,9,21
crude_steel,import,2012Q4,2012,4,9.44450227766275,5.7368835063480415,10.737960669186508,construction_gva,AUD,0,12638.491,322.4263213068712,310.0964897627994,4074982.16,10,22
crude_steel,import,2013Q1,2013,1,7.4173143009466225,6.980951437940821,10.714817688773783,construction_gva,AUD,0,1664.557,1115.1694661102024,1075.9415717941636,1856263.141,8,18
crude_steel,import,2013Q2,2013,2,7.009550747404038,7.73317646983442,10.729853576882297,construction_gva,AUD,0,1107.157,2224.233438437367,2282.8420750668815,2462575.621,9,21
crude_steel,import,2013Q3,2013,3,6.840937896544798,7.465310840253342,10.749527479199216,construction_gva,AUD,0,935.366,1588.364403880406,1746.3983147555641,1485702.059,9,19
crude_steel,import,2013Q4,2013,4,6.787330757672302,7.602458943943439,10.76106807892895,construction_gva,AUD,0,886.544,1836.719528867152,2003.1153927038313,1628332.678,9,19
crude_steel,import,2014Q1,2014,1,10.329655242337129,6.532500442237593,10.78549735043341,construction_gva,AUD,0,30627.551,616.5526139194087,687.1141545435996,18883496.627,11,19
crude_steel,import,2014Q2,2014,2,6.71267669624875,7.446891870493005,10.7915845500395,construction_gva,AUD,0,822.77,1601.651314462122,1714.5258867280313,1317790.652,10,21
crude_steel,import,2014Q3,2014,3,10.8573327254876,6.244571289468729,10.7553037612248,construction_gva,AUD,0,51913.426,470.5485165436779,515.2083023493013,24427785.593,10,20
crude_steel,import,2014Q4,2014,4,6.231872212300193,7.676135155860008,10.759539838018519,construction_gva,AUD,0,508.707,1831.1490307780316,2156.269999484728,931518.33,10,21
crude_steel,import,2015Q1,2015,1,6.813312722683661,7.69513631766563,10.739977214206728,construction_gva,AUD,0,909.88,1699.8675649536203,2197.63336616042,1546675.5,8,16
crude_steel,import,2015Q2,2015,2,6.262025892751344,7.735713107009261,10.733217714882608,construction_gva,AUD,0,524.28,1778.721553368429,2288.640167858649,932548.136,9,17
crude_steel,import,2015Q3,2015,3,6.637171526887752,8.068144373925122,10.736961733187352,construction_gva,AUD,0,762.934,2281.4092280590457,3191.1747045234765,1740564.668,8,20
crude_steel,import,2015Q4,2015,4,9.78492561361334,5.712709409908673,10.740540252898029,construction_gva,AUD,0,17763.936,217.8461646112663,302.6900697506658,3869805.326,8,19
crude_steel,import,2016Q1,2016,1,5.3394497129041785,7.782859247744483,10.729634734557317,construction_gva,AUD,0,208.398,1749.0558018790966,2399.1247150282093,364499.731,8,15
crude_steel,import,2016Q2,2016,2,10.053735627096119,5.892968431644585,10.713105797383161,construction_gva,AUD,0,23242.45,269.582483602202,362.47968510857794,6265757.396,8,17
crude_steel,import,2016Q3,2016,3,10.579274207440806,5.991847350318122,10.687548900946704,construction_gva,AUD,0,39311.572,302.3142952411061,400.15315059545566,11884450.184,8,19
crude_steel,import,2016Q4,2016,4,10.223374655885687,5.959850953059205,10.686749622538334,construction_gva,AUD,0,27539.446,288.2506542796831,387.55235643970826,7938263.328000001,10,22
crude_steel,import,2017Q1,2017,1,7.2488880669140725,7.542334404700193,10.700296306368244,construction_gva,AUD,0,1406.54,1439.6959901602513,1886.228109475479,2024989.998,10,20
crude_steel,import,2017Q2,2017,2,7.126384656729022,7.709067895686477,10.715395068816916,construction_gva,AUD,0,1244.37,1679.6934336250474,2228.4641287924574,2090160.118,10,20
crude_steel,import,2017Q3,2017,3,10.344209759816852,5.843415890705957,10.74051860342465,construction_gva,AUD,0,31076.58,272.77482380622325,344.9556612671444,8476908.634000001,8,19
crude_steel,import,2017Q4,2017,4,9.982790294194636,6.269829153479871,10.740063856180486,construction_gva,AUD,0,21650.64,406.0649086585894,528.3870970690109,8791565.154000001,11,21
crude_steel,import,2018Q1,2018,1,6.992840635718298,7.403273218105781,10.736874822010519,construction_gva,AUD,0,1088.81,1286.7613614863935,1641.3481373561112,1401038.638,10,17
crude_steel,import,2018Q2,2018,2,10.168152245909985,6.303215863707205,10.758987398772785,construction_gva,AUD,0,26059.88,410.1492466197081,546.3259981099109,10688440.148999998,7,19
crude_steel,import,2018Q3,2018,3,10.267531180913124,6.210001255443771,10.742702836729976,construction_gva,AUD,0,28782.74,363.4821657701803,497.7018761231352,10462012.672,9,17
crude_steel,import,2018Q4,2018,4,7.0142841118915005,6.894226550283837,10.737352740034952,construction_gva,AUD,0,1112.41,705.5051725532851,986.5623732578291,784811.009,10,20
crude_steel,import,2019Q1,2019,1,6.49458556648842,7.210201036671058,10.738720061275421,construction_gva,AUD,0,661.55,969.7060237321444,1353.164275672895,641509.02,10,20
crude_steel,import,2019Q2,2019,2,6.643141085321149,7.464959697742098,10.726719568158678,construction_gva,AUD,0,767.502,1220.1171736360295,1745.7851877194719,936442.371,12,26
crude_steel,import,2019Q3,2019,3,6.840988142992946,7.297410650874631,10.730662877319089,construction_gva,AUD,0,935.413,1001.954333540372,1476.4718724861698,937241.109,13,22
crude_steel,import,2019Q4,2019,4,10.140229031551959,5.938361102149667,10.71103427340457,construction_gva,AUD,0,25342.27,261.78987963588105,379.3127649702022,6634349.813,9,18
crude_steel,import,2020Q1,2020,1,10.258224329442001,6.205438497544467,10.710253554880847,construction_gva,AUD,0,28516.106,320.36340943605694,495.43615585367354,9135516.942,8,16
crude_steel,import,2020Q2,2020,2,11.089709691850555,6.239689562780934,10.632412024471595,construction_gva,AUD,0,65493.73,343.1865591561207,512.6993252827727,22476567.845,7,13
crude_steel,import,2020Q3,2020,3,9.659702422104052,6.47981572293477,10.662890528873138,construction_gva,AUD,0,15673.12,470.87078335392056,651.8508140477252,7380014.291999999,7,16
crude_steel,import,2020Q4,2020,4,11.026224943197432,6.11911685077031,10.669211175914377,construction_gva,AUD,0,61465.108,334.93222658943347,454.46315842919864,20586645.48,8,15
crude_steel,import,2021Q1,2021,1,6.289324028589126,7.463111322760787,10.713039040966176,construction_gva,AUD,0,538.789,1340.160263108564,1742.5613024480494,722063.608,10,16
crude_steel,import,2021Q2,2021,2,10.666569387632782,6.826699928292442,10.726895156930228,construction_gva,AUD,0,42897.524,707.4091619134009,922.1426488003896,30346101.501,9,17
crude_steel,import,2021Q3,2021,3,11.827358418129393,6.878318468137201,10.704771391700652,construction_gva,AUD,0,136948.253,709.4631016067068,970.9922318814188,97159732.333,9,20
crude_steel,import,2021Q4,2021,4,11.976530290467668,6.772141570100908,10.72535770879079,construction_gva,AUD,0,158979.46,638.4214127284116,873.1798689772716,101495891.448,9,23
crude_steel,import,2022Q1,2022,1,11.494744040015078,6.887074119797967,10.736548837807,construction_gva,AUD,0,98198.286,707.2017628087725,979.5312293217285,69446000.964,8,20
crude_steel,import,2022Q2,2022,2,7.408403286067493,7.044673755389557,10.738112593745406,construction_gva,AUD,0,1649.79,810.9895035125683,1146.7346587805202,1337962.373,10,18
crude_steel,import,2022Q3,2022,3,10.364594851524865,6.548951999470177,10.74218424297173,construction_gva,AUD,0,31716.58,474.7487415730195,698.5117494088694,15057406.442,11,22
crude_steel,import,2022Q4,2022,4,10.386438564016137,6.455746632630749,10.74343705115356,construction_gva,AUD,0,32417.01,421.7366880535867,636.3486676071151,13671442.434,9,16
crude_steel,import,2023Q1,2023,1,10.22626465168886,6.578528027461982,10.756348481750502,construction_gva,AUD,0,27619.15,490.9097647103549,719.4794953584968,13558510.428,8,18
crude_steel,import,2023Q2,2023,2,7.636231957883146,7.662206897682387,10.764286715905591,construction_gva,AUD,0,2071.922,1398.7313996376313,2126.4451008341375,2898062.359,8,18
crude_steel,import,2023Q3,2023,3,10.164240558084405,6.52037927039624,10.761216533412018,construction_gva,AUD,0,25958.141,443.9693539302372,678.8357988441056,11524619.089,9,20
crude_steel,import,2023Q4,2023,4,10.631830868103695,6.836939959250411,10.77628606133415,construction_gva,AUD,0,41432.914,615.3466162191729,931.633930645288,25495603.43,10,18
crude_steel,import,2024Q1,2024,1,10.382062777963577,6.843381687218759,10.75395894337299,construction_gva,AUD,0,32275.47,613.3745257001681,937.6546340398032,19796951.103000004,10,20
crude_steel,import,2024Q2,2024,2,8.221274087575202,7.0528521254612695,10.764244432607487,construction_gva,AUD,0,3719.238,762.4763986601557,1156.1515340517012,2835831.196,13,25
crude_steel,import,2024Q3,2024,3,11.568145617149641,6.870359790808288,10.767747876315898,construction_gva,AUD,0,105677.324,649.0519277721303,963.2950881888913,68590070.86400001,11,24
crude_steel,import,2024Q4,2024,4,9.446927788205283,7.001842982421973,10.762043233759044,construction_gva,AUD,0,12669.183,706.494462034371,1098.6560976108817,8950707.628,12,21
crude_steel,export,2011Q1,2011,1,12.433280215522045,6.232518499845414,4.419574301185631,trade_weighted_gdp,USD,0,251018.072,509.03587726145867,,127777204.489,14,32
crude_steel,export,2011Q2,2011,2,12.899783642115988,6.201424413775808,4.419574301185631,trade_weighted_gdp,USD,0,400225.59,493.45141973555457,,197491885.6,13,34
crude_steel,export,2011Q3,2011,3,12.59772091252573,6.167831755627106,4.419574301185631,trade_weighted_gdp,USD,0,295883.452,477.1504049878397,,141180908.951,13,31
crude_steel,export,2011Q4,2011,4,12.866364624213297,6.108886902087823,4.419574301185631,trade_weighted_gdp,USD,0,387071.467,449.8377229624109,,174119347.339,12,29
crude_steel,export,2012Q1,2012,1,12.986170870009746,5.966939130567263,4.464775147185402,trade_weighted_gdp,USD,0,436337.31,390.30915513275727,,170306446.819,13,29
crude_steel,export,2012Q2,2012,2,13.051631433893558,6.0876076937952,4.464775147185402,trade_weighted_gdp,USD,0,465855.805,440.36665811430646,,205147364.011,13,28
crude_steel,export,2012Q3,2012,3,12.658816681226691,6.0995205553745375,4.464775147185402,trade_weighted_gdp,USD,0,314524.32,445.6440572067687,,140165894.055,13,29
crude_steel,export,2012Q4,2012,4,13.175919253222958,5.961060572603182,4.464775147185402,trade_weighted_gdp,USD,0,527507.97,388.0214309880475,,204684397.377,11,27
crude_steel,export,2013Q1,2013,1,12.723422212027716,6.0366660326330654,4.513610066297729,trade_weighted_gdp,USD,0,335515.09,418.49545624609607,,140411540.667,11,25
crude_steel,export,2013Q2,2013,2,13.290979762578726,5.966691697891696,4.513610066297729,trade_weighted_gdp,USD,0,591832.99,390.2125918411544,,230940684.965,11,28
crude_steel,export,2013Q3,2013,3,13.024172244637414,5.922538880165183,4.513610066297729,trade_weighted_gdp,USD,0,453237.815,373.35842387290654,,169220156.248,10,27
crude_steel,export,2013Q4,2013,4,13.288826159282456,5.912014975639055,4.513610066297729,trade_weighted_gdp,USD,0,590559.788,369.4498383303403,,218182218.201,13,32
crude_steel,export,2014Q1,2014,1,13.008351883036267,6.023917566850903,4.558245803317075,trade_weighted_gdp,USD,0,446123.85,413.1941448344445,,184335762.691,12,31
crude_steel,export,2014Q2,2014,2,13.436644210445193,5.9108391197823185,4.558245803317075,trade_weighted_gdp,USD,0,684637.11,369.0156738815984,,252641824.511,14,30
crude_steel,export,2014Q3,2014,3,12.943547302024646,5.974408847281021,4.558245803317075,trade_weighted_gdp,USD,0,418129.847,393.2355700907426,,164423528.757,13,29
crude_steel,export,2014Q4,2014,4,13.277474981681484,5.764212033631148,4.558245803317075,trade_weighted_gdp,USD,0,583894.142,318.6878297830225,,186079956.937,11,26
crude_steel,export,2015Q1,2015,1,12.838869638956792,5.738608142758221,4.605170185988091,trade_weighted_gdp,USD,0,376573.919,310.6317548959093,,116975817.307,9,23
crude_steel,export,2015Q2,2015,2,13.181318389727622,5.648344663256983,4.605170185988091,trade_weighted_gdp,USD,0,530363.76,283.82125699915844,,150528509.03,13,30
crude_steel,export,2015Q3,2015,3,12.813382827430054,5.633621394820651,4.605170185988091,trade_weighted_gdp,USD,0,367097.525,279.6730926475192,,102667300.12,12,33
crude_steel,export,2015Q4,2015,4,13.02049406927209,5.369488754437903,4.605170185988091,trade_weighted_gdp,USD,0,451573.789,214.753048091549,,96976847.626,13,31
crude_steel,export,2016Q1,2016,1,12.693300273893746,5.348304572913291,4.649407142881142,trade_weighted_gdp,USD,0,325559.42,210.2515293767264,,68449365.958,12,27
crude_steel,export,2016Q2,2016,2,12.834356166767524,5.515945427776374,4.649407142881142,trade_weighted_gdp,USD,0,374878.093,248.62492307599317,,93204037.035,11,27
crude_steel,export,2016Q3,2016,3,12.831233793106843,5.485870734722516,4.649407142881142,trade_weighted_gdp,USD,0,373709.409,241.2589250890389,,90160730.311,10,24
crude_steel,export,2016Q4,2016,4,12.9590552189002,5.547305288840841,4.649407142881142,trade_weighted_gdp,USD,0,424664.71,256.54530811613705,,108945738.873,11,26
crude_steel,export,2017Q1,2017,1,12.867316328698006,5.645174508368107,4.696732880003459,trade_weighted_gdp,USD,0,387440.02,282.92292433290703,,109615663.462,12,25
crude_steel,export,2017Q2,2017,2,13.059588143428485,5.713092381762543,4.696732880003459,trade_weighted_gdp,USD,0,469577.27,302.8060137280495,,142190821.266,11,26
crude_steel,export,2017Q3,2017,3,13.075865681520348,5.717994812657354,4.696732880003459,trade_weighted_gdp,USD,0,477283.38,304.2941440324195,,145234537.578,12,28
crude_steel,export,2017Q4,2017,4,13.227845195704692,5.792806926548127,4.696732880003459,trade_weighted_gdp,USD,0,555622.95,327.9322153629543,,182206664.9,11,27
crude_steel,export,2018Q1,2018,1,13.013282259994911,5.764494370743314,4.741599284032133,trade_weighted_gdp,USD,0,448328.84,318.7778198877413,,142917290.208,13,29
crude_steel,export,2018Q2,2018,2,13.105624704203155,5.896465503281482,4.741599284032133,trade_weighted_gdp,USD,0,491700.32,363.7495215947795,,178855756.16799998,14,33
crude_steel,export,2018Q3,2018,3,13.16598615646326,5.895270332703029,4.741599284032133,trade_weighted_gdp,USD,0,522294.12,363.3150385610315,,189757308.348,12,31
crude_steel,export,2018Q4,2018,4,13.263720498978278,5.928485551297957,4.741599284032133,trade_weighted_gdp,USD,0,575917.96,375.5852782573407,,216306307.26,13,28
crude_steel,export,2019Q1,2019,1,12.931583332246621,5.774688229986522,4.778460450005732,trade_weighted_gdp,USD,0,413157.16,322.04401539840194,,133054790.797,13,28
crude_steel,export,2019Q2,2019,2,13.445620549868245,5.791736738115724,4.778460450005732,trade_weighted_gdp,USD,0,690810.31,327.5814538234092,,226296645.666,15,36
crude_steel,export,2019Q3,2019,3,13.119040482699672,5.775380226207203,4.778460450005732,trade_weighted_gdp,USD,0,498341.31,322.2669457645404,,160598931.922,11,31
crude_steel,export,2019Q4,2019,4,12.787981710019656,5.6438639931429355,4.778460450005732,trade_weighted_gdp,USD,0,357890.27,282.55239237993254,,101122751.998,11,29
crude_steel,export,2020Q1,2020,1,12.967766538062715,5.6578915417264195,4.774611394170627,trade_weighted_gdp,USD,0,428380.26,286.5438394500251,,122749724.445,11,26
crude_steel,export,2020Q2,2020,2,13.09570170067896,5.573435984672345,4.774611394170627,trade_weighted_gdp,USD,0,486845.304,263.3373697058399,,128204561.809,14,27
crude_steel,export,2020Q3,2020,3,13.084375093298288,5.588696044114564,4.774611394170627,trade_weighted_gdp,USD,0,481362.11,267.38673179324394,,128709841.402,14,28
crude_steel,export,2020Q4,2020,4,13.0252558188822,5.706875442637664,4.774611394170627,trade_weighted_gdp,USD,0,453729.198,300.92932684266003,,136540422.123,10,26
crude_steel,export,2021Q1,2021,1,12.79151715305518,5.986395296188548,4.84047083168027,trade_weighted_gdp,USD,0,359157.81,397.9774304197923,,142936702.339,12,31
crude_steel,export,2021Q2,2021,2,13.25622525466279,6.040758699853008,4.84047083168027,trade_weighted_gdp,USD,0,571617.451,420.2117285516533,,240200357.155,12,30
crude_steel,export,2021Q3,2021,3,13.103400203614962,6.147115249680818,4.84047083168027,trade_weighted_gdp,USD,0,490607.748013,467.36720255980185,,229293970.743,11,27
crude_steel,export,2021Q4,2021,4,13.275704328918655,6.178908841763665,4.84047083168027,trade_weighted_gdp,USD,0,582861.183,482.4652231284375,,281210250.709,13,27
crude_steel,export,2022Q1,2022,1,12.923332993724927,6.206601209093101,4.869022379495034,trade_weighted_gdp,USD,0,409762.496385,496.0125402131365,,203247336.716,14,29
crude_steel,export,2022Q2,2022,2,13.240350589548608,6.3557204326464385,4.869022379495034,trade_weighted_gdp,USD,0,562614.861,575.7769998222639,,323940696.722,12,31
crude_steel,export,2022Q3,2022,3,12.866843266195573,6.057550944228418,4.869022379495034,trade_weighted_gdp,USD,0,387256.78,427.3276051461255,,165485512.374,12,33
crude_steel,export,2022Q4,2022,4,13.088155126287388,6.052126241768982,4.869022379495034,trade_weighted_gdp,USD,0,483185.118,425.0157562510028,,205361288.33600003,15,35
crude_steel,export,2023Q1,2023,1,12.899675072449769,6.130713795788642,4.910528181425606,trade_weighted_gdp,USD,0,400182.14,459.7642213468097,,183989429.994,11,27
crude_steel,export,2023Q2,2023,2,13.056475252627997,6.140140938304302,4.910528181425606,trade_weighted_gdp,USD,0,468117.8,464.1189783917639,,217262355.103,14,33
crude_steel,export,2023Q3,2023,3,13.142555634667247,6.125674161458167,4.910528181425606,trade_weighted_gdp,USD,0,510198.75,457.45300652343815,,233391952.112,12,28
crude_steel,export,2023Q4,2023,4,12.782450504576891,6.090138206976619,4.910528181425606,trade_weighted_gdp,USD,0,355916.17,441.4824228806463,,157130733.074,12,25
crude_steel,export,2024Q1,2024,1,13.18629897306886,6.100941350478952,4.946731907456288,trade_weighted_gdp,USD,0,533011.87,446.2776761162936,,237871298.686,12,26
crude_steel,export,2024Q2,2024,2,13.392518063734563,6.135833826755819,4.946731907456288,trade_weighted_gdp,USD,0,655083.55,462.1242649903207,,302730004.051,12,28
crude_steel,export,2024Q3,2024,3,13.148566758453017,6.061454846888896,4.946731907456288,trade_weighted_gdp,USD,0,513274.854,428.999111096138,,220194456.114,11,26
crude_steel,export,2024Q4,2024,4,13.248771643693978,6.047807275790513,4.946731907456288,trade_weighted_gdp,USD,0,567372.676,423.1840859675097,,240103087.296,13,26
long_steel,import,2011Q1,2011,1,11.796386556603235,7.09057260323871,10.587593988443924,construction_gva,AUD,0,132771.722,1217.1075110406414,1200.5950684507425,161597460.1,43,121
long_steel,import,2011Q2,2011,2,12.235367495463644,7.02974303560119,10.611474083292713,construction_gva,AUD,0,205945.633,1218.0879463173662,1129.740269855149,250859893.154,42,120
long_steel,import,2011Q3,2011,3,10.955745557866734,6.970187061733768,10.68290416824825,construction_gva,AUD,0,57282.22,1112.3783006664198,1064.4218445117735,63719498.542,35,35
long_steel,import,2012Q1,2012,1,12.194887165644397,6.9857235029947145,10.705377024100308,construction_gva,AUD,0,197775.369,1147.6421823740852,1081.0883054758856,226975356.099,42,120
long_steel,import,2012Q2,2012,2,12.182514990132157,7.021239516020326,10.714973170044157,construction_gva,AUD,0,195343.532,1133.0199054402271,1120.174231489581,221328110.155,42,121
long_steel,import,2012Q3,2012,3,10.60542634834307,6.85733862451082,10.722584331418851,construction_gva,AUD,0,40353.215,991.6682436331284,950.8331730634465,40017001.844,23,23
long_steel,import,2013Q1,2013,1,11.932666222707734,6.957887998884368,10.714817688773783,construction_gva,AUD,0,152156.705,1089.744147745576,1051.4106302324083,165811878.814,41,120
long_steel,import,2013Q2,2013,2,11.891611985854928,6.961011715290843,10.729853576882297,construction_gva,AUD,0,146036.517,1027.622189626722,1054.7000738377296,150070365.365,41,120
long_steel,import,2013Q3,2013,3,10.702896295189609,6.877133121626954,10.749527479199216,construction_gva,AUD,0,44484.509,882.0796608320438,969.8419515029804,39238880.611,30,30
long_steel,import,2014Q1,2014,1,11.918266445374869,6.9660263600434105,10.78549735043341,construction_gva,AUD,0,149981.382,951.1479083183804,1060.002303316038,142654477.776,39,117
long_steel,import,2014Q2,2014,2,12.020255893652111,6.921298006836989,10.7915845500395,construction_gva,AUD,0,166085.151,946.9029286730154,1013.6348459675091,157266515.891,40,116
long_steel,import,2014Q3,2014,3,10.651047797187404,6.8133610072013635,10.7553037612248,construction_gva,AUD,0,42236.827,831.0490251078755,909.9239341776288,35100873.901999995,26,26
long_steel,import,2015Q1,2015,1,11.982174071758228,7.028100682871605,10.739977214206728,construction_gva,AUD,0,159879.242,872.4191536822523,1127.8863606423738,139481712.997,40,118
long_steel,import,2015Q2,2015,2,11.979429258178401,6.960799230807362,10.733217714882608,construction_gva,AUD,0,159441.005,819.5343233505082,1054.4759902452993,130667376.147,41,121
long_steel,import,2015Q3,2015,3,10.782594932825742,6.834641184342456,10.736961733187352,construction_gva,AUD,0,48174.973,664.5070076946384,929.4947736043937,32012607.154,29,29
long_steel,import,2016Q1,2016,1,11.885370026307346,6.766311516023181,10.729634734557317,construction_gva,AUD,0,145127.802,632.8817828854047,868.103993812113,91848742.076,40,93
long_steel,import,2016Q2,2016,2,11.886313728026334,6.838802222616451,10.713105797383161,construction_gva,AUD,0,145264.824,694.1639668664727,933.3704948529715,100837606.474,41,118
long_steel,import,2016Q3,2016,3,10.733168492229225,6.8693468927563845,10.687548900946704,construction_gva,AUD,0,45851.743,727.0292651252101,962.3198624561584,33335559.018,37,37
long_steel,import,2017Q1,2017,1,11.391597544981597,7.066372850548932,10.700296306368244,construction_gva,AUD,0,88574.345898,894.4649320271067,1171.8896970337503,79226646.283,38,111
long_steel,import,2017Q2,2017,2,11.215562332770428,7.257288864345444,10.715395068816916,construction_gva,AUD,0,74277.423814,1069.1161354068447,1418.4058290479738,79411192.296,37,111
long_steel,import,2017Q3,2017,3,10.590557282926191,7.070857251003681,10.74051860342465,construction_gva,AUD,0,39757.639207,930.8405488393314,1177.1567206189409,37008022.7,38,48
long_steel,import,2018Q1,2018,1,11.68019361466138,7.1601240306884595,10.736874822010519,construction_gva,AUD,0,118207.119484,1009.0197365577826,1287.070559253953,119273316.561,39,116
long_steel,import,2018Q2,2018,2,11.698490965443174,7.2635406527166255,10.758987398772785,construction_gva,AUD,0,120389.905315,1071.533306704304,1427.3011790657592,129001793.336,40,114
long_steel,import,2018Q3,2018,3,10.139919889756907,7.485503777614791,10.742702836729976,construction_gva,AUD,0,25334.436856,1301.447981354727,1782.0216863307082,32971451.705,36,39
long_steel,import,2019Q1,2019,1,10.726258631862866,7.734049012497961,10.738720061275421,construction_gva,AUD,0,45536.005964,1637.3607620296118,2284.834821423183,74558869.425,35,101
long_steel,import,2019Q2,2019,2,10.456599829069022,7.805918113149241,10.726719568158678,construction_gva,AUD,0,34773.115673,1715.844387200765,2455.0885606174324,59665255.353,36,100
long_steel,import,2019Q3,2019,3,9.85716549101655,7.753982091202674,10.730662877319089,construction_gva,AUD,0,19094.688589,1581.7374055211935,2330.835558801635,30202783.188,34,56
long_steel,import,2020Q1,2020,1,10.14411139048208,8.013596158725777,10.710253554880847,construction_gva,AUD,0,25440.849024,1953.960596995208,3021.7643412178622,49710416.547,33,92
long_steel,import,2020Q2,2020,2,10.208868269434243,7.938756006901233,10.632412024471595,construction_gva,AUD,0,27142.831828,1876.8322245009344,2803.870342523678,50942541.439,33,93
long_steel,import,2020Q3,2020,3,10.07262650849013,7.823107278761208,10.662890528873138,construction_gva,AUD,0,23685.693818,1804.2048851667716,2497.6542709401265,42733844.495,33,67
long_steel,import,2021Q1,2021,1,11.759760449165034,7.158059774354141,10.713039040966176,construction_gva,AUD,0,127996.788042,987.8125338935214,1284.4164560164706,126436831.526,37,109
long_steel,import,2021Q2,2021,2,11.991523579729577,7.175908644596932,10.726895156930228,construction_gva,AUD,0,161381.043862,1003.067360293092,1307.5476574886643,161876057.668,37,108
long_steel,import,2021Q3,2021,3,11.371906007687521,7.224187835136312,10.704771391700652,construction_gva,AUD,0,86847.24134200001,1002.626019036136,1372.2236910721901,87075303.851,37,45
long_steel,import,2022Q1,2022,1,11.984802140400495,7.543525643497751,10.736548837807,construction_gva,AUD,0,160299.968229,1363.4418144161566,1888.4763964379915,218559679.533,38,106
long_steel,import,2022Q2,2022,2,11.952102009117686,7.567978166941641,10.738112593745406,construction_gva,AUD,0,155142.915895,1368.6217943312686,1935.2236243803966,212331975.93,41,109
long_steel,import,2022Q3,2022,3,11.12944126860546,7.564783837095274,10.74218424297173,construction_gva,AUD,0,68148.284787,1311.0944646701398,1929.0517445556327,89348838.961,40,45
long_steel,import,2023Q1,2023,1,12.171738936694934,7.343199642548208,10.756348481750502,construction_gva,AUD,0,193249.801,1054.6159459900298,1545.6497368016712,203804321.694,39,111
long_steel,import,2023Q2,2023,2,12.200081625152587,7.368976589597936,10.764286715905591,construction_gva,AUD,0,198805.378,1043.2442977523476,1586.0098132517437,207402576.961,39,111
long_steel,import,2023Q3,2023,3,11.492701277830182,7.219047805892626,10.761216533412018,construction_gva,AUD,0,97997.895,892.8548921382444,1365.1885171600654,87497899.97,39,39
long_steel,import,2024Q1,2024,1,12.434638364262048,7.239568188346653,10.75395894337299,construction_gva,AUD,0,251359.223493,911.564379838168,1393.49211479756,229130114.68,41,116
long_steel,import,2024Q2,2024,2,12.465368156999562,7.299043663394262,10.764244432607487,construction_gva,AUD,0,259203.347211,975.317533497004,1478.8849392867216,252805569.276,42,116
long_steel,import,2024Q3,2024,3,11.586082881749302,7.131285267427515,10.767747876315898,construction_gva,AUD,0,107589.988828,842.5543765965006,1250.4831397595194,90650415.965,37,37
long_steel,export,2011Q1,2011,1,9.945686470661837,7.24656754669792,4.419574301185631,trade_weighted_gdp,USD,0,20862.039,1403.2798795458104,,29275279.575,40,95
long_steel,export,2011Q2,2011,2,9.840345229593414,7.485641281864471,4.419574301185631,trade_weighted_gdp,USD,0,18776.197,1782.2667387330885,,33464191.393,39,89
long_steel,export,2011Q3,2011,3,8.370433199712977,7.513347634050039,4.419574301185631,trade_weighted_gdp,USD,0,4317.506,1832.3372817547909,,7911127.208000001,27,27
long_steel,export,2012Q1,2012,1,10.057855694431083,7.226034181524155,4.464775147185402,trade_weighted_gdp,USD,0,23338.408,1374.7596317195244,,32084701.187,42,105
long_steel,export,2012Q2,2012,2,10.65531530175924,6.676569202441976,4.464775147185402,trade_weighted_gdp,USD,0,42417.458,793.5917834821691,,33662146.145,38,100
long_steel,export,2012Q3,2012,3,8.853338231657409,6.979024758577457,4.464775147185402,trade_weighted_gdp,USD,0,6997.71,1073.8705730874815,,7514634.848,16,16
long_steel,export,2013Q1,2013,1,9.632390190336555,7.306835275411361,4.513610066297729,trade_weighted_gdp,USD,0,15250.845,1490.4528447440127,,22730665.315,40,89
long_steel,export,2013Q2,2013,2,10.201035546338101,7.051644385281345,4.513610066297729,trade_weighted_gdp,USD,0,26931.06,1154.7560462529138,,31098804.367,42,103
long_steel,export,2013Q3,2013,3,8.812121446756992,6.96623650250773,4.513610066297729,trade_weighted_gdp,USD,0,6715.15,1060.225078218655,,7119570.434,24,24
long_steel,export,2014Q1,2014,1,9.978367912036216,7.0421301164968435,4.558245803317075,trade_weighted_gdp,USD,0,21555.104,1143.8214865026864,,24655191.099,39,95
long_steel,export,2014Q2,2014,2,10.277370692515484,6.895242207643223,4.558245803317075,trade_weighted_gdp,USD,0,29067.346,987.5648916141156,,28705890.402,37,96
long_steel,export,2014Q3,2014,3,6.5382411210971245,7.654089673405208,4.558245803317075,trade_weighted_gdp,USD,0,691.07,2109.254134892268,,1457642.255,23,23
long_steel,export,2015Q1,2015,1,10.120336011266858,6.95121152871178,4.605170185988091,trade_weighted_gdp,USD,0,24843.117,1044.4142999044766,,25946506.649,35,86
long_steel,export,2015Q2,2015,2,9.682162159869314,7.078107501068938,4.605170185988091,trade_weighted_gdp,USD,0,16029.117,1185.7224154019214,,19006083.326,40,99
long_steel,export,2015Q3,2015,3,6.402066439321299,7.662245021330094,4.605170185988091,trade_weighted_gdp,USD,0,603.09,2126.5261702233497,,1282486.668,21,21
long_steel,export,2016Q1,2016,1,9.598117838628001,6.868510437286039,4.649407142881142,trade_weighted_gdp,USD,0,14737.018,961.5152612964172,,14169867.713,34,73
long_steel,export,2016Q2,2016,2,10.433244335745178,6.540086343025761,4.649407142881142,trade_weighted_gdp,USD,0,33970.383,692.3463547349465,,23519270.839,36,84
long_steel,export,2016Q3,2016,3,8.791993499057703,6.76856985646153,4.649407142881142,trade_weighted_gdp,USD,0,6581.339,870.0666835426651,,5726203.797,31,31
long_steel,export,2017Q1,2017,1,9.60453419715802,6.950874550699831,4.696732880003459,trade_weighted_gdp,USD,0,14831.88,1044.062414542189,,15485408.445,38,84
long_steel,export,2017Q2,2017,2,10.220435058958472,6.746743995356014,4.696732880003459,trade_weighted_gdp,USD,0,27458.61,851.2824654998923,,23375033.22,38,94
long_steel,export,2017Q3,2017,3,8.882219564884029,7.04249705394724,4.696732880003459,trade_weighted_gdp,USD,0,7202.76,1144.2412744559028,,8241695.282,33,41
long_steel,export,2018Q1,2018,1,9.997091732495353,6.778351277306647,4.741599284032133,trade_weighted_gdp,USD,0,21962.5,878.6189303130335,,19296668.257,36,85
long_steel,export,2018Q2,2018,2,10.16540363966408,6.907546710057205,4.741599284032133,trade_weighted_gdp,USD,0,25988.35,999.791452824054,,25982930.203,39,96
long_steel,export,2018Q3,2018,3,8.151056482970647,7.225563384312602,4.741599284032133,trade_weighted_gdp,USD,0,3467.04,1374.1125510521942,,4764103.179,33,35
long_steel,export,2019Q1,2019,1,10.471401274336635,6.885446135088158,4.778460450005732,trade_weighted_gdp,USD,0,35291.636,977.9378647960668,,34513027.155,36,84
long_steel,export,2019Q2,2019,2,10.018130730661628,6.68159681965009,4.778460450005732,trade_weighted_gdp,USD,0,22429.464,797.5917058026888,,17889554.452,34,80
long_steel,export,2019Q3,2019,3,9.712070355536873,6.7969265286838825,4.778460450005732,trade_weighted_gdp,USD,0,16515.76,895.0920200463073,,14783124.981,38,52
long_steel,export,2020Q1,2020,1,9.91100214711346,6.773763653558005,4.774611394170627,trade_weighted_gdp,USD,0,20150.858,874.5973889548524,,17623887.792,38,77
long_steel,export,2020Q2,2020,2,9.774465349646167,6.725094875603173,4.774611394170627,trade_weighted_gdp,USD,0,17579.089,833.0510090141759,,14644277.829,36,80
long_steel,export,2020Q3,2020,3,8.989941924414634,6.949446776859296,4.774611394170627,trade_weighted_gdp,USD,0,8021.991,1042.5727932130565,,8363509.564,38,66
long_steel,export,2021Q1,2021,1,9.821488085824388,6.924987936473897,4.84047083168027,trade_weighted_gdp,USD,0,18425.449,1017.3819963356116,,18745720.087,37,88
long_steel,export,2021Q2,2021,2,9.955255868130738,6.83750417076026,4.84047083168027,trade_weighted_gdp,USD,0,21062.634401,932.1597175454862,,19633739.334,43,97
long_steel,export,2021Q3,2021,3,8.498057465691762,7.035987607730311,4.84047083168027,trade_weighted_gdp,USD,0,4905.231,1136.8170873094457,,5576350.418,31,35
long_steel,export,2022Q1,2022,1,9.891127164960437,7.295807241400059,4.869022379495034,trade_weighted_gdp,USD,0,19754.313765,1474.1063804298649,,29119959.962,36,88
long_steel,export,2022Q2,2022,2,9.629842038385792,7.275466391857882,4.869022379495034,trade_weighted_gdp,USD,0,15212.033,1444.4247029966343,,21972636.248,35,88
long_steel,export,2022Q3,2022,3,9.347197316318782,7.170557958554734,4.869022379495034,trade_weighted_gdp,USD,0,11466.641,1300.5700645899703,,14913170.026,33,35
long_steel,export,2023Q1,2023,1,8.746699497406222,7.499828784782003,4.910528181425606,trade_weighted_gdp,USD,0,6289.894,1807.7328765794784,,11370448.174,37,87
long_steel,export,2023Q2,2023,2,9.4149389432243,7.509132671036572,4.910528181425606,trade_weighted_gdp,USD,0,12270.324,1824.630301612248,,22388804.981,37,91
long_steel,export,2023Q3,2023,3,8.537441797680383,7.642885625101366,4.910528181425606,trade_weighted_gdp,USD,0,5102.275,2085.753844706528,,10642089.698,32,32
long_steel,export,2024Q1,2024,1,9.197161105717388,7.187294982823464,4.946731907456288,trade_weighted_gdp,USD,0,9869.072,1322.520920913334,,13052054.19,36,87
long_steel,export,2024Q2,2024,2,8.979132516392012,7.2567951103584365,4.946731907456288,trade_weighted_gdp,USD,0,7935.745,1417.7056583849403,,11250550.59,40,88
long_steel,export,2024Q3,2024,3,7.688686885402423,7.374117335062019,4.946731907456288,trade_weighted_gdp,USD,0,2183.505486,1594.1840789128205,,3480909.682,25,25
flat_steel,import,2011Q1,2011,1,11.183469292111418,7.175904720266941,13.080786931690664,final_demand,AUD,0,71931.481,1325.5258758957011,1307.5425262502463,95347039.357,25,71
flat_steel,import,2011Q2,2011,2,11.011096631773754,7.287329733027917,13.085871577378287,final_demand,AUD,0,60542.243,1575.967027567842,1461.6624525265838,95412578.743,25,66
flat_steel,import,2011Q3,2011,3,11.197362425523794,7.29985765066582,13.110276626029178,final_demand,AUD,0,72937.809,1546.7731548941922,1480.08922287266,112818244.938,27,72
flat_steel,import,2011Q4,2011,4,11.334684148661951,7.163493414861698,13.113308505508092,final_demand,AUD,0,83674.048,1320.4155219190543,1291.4145085334735,110484511.761,28,78
flat_steel,import,2012Q1,2012,1,11.462171561927113,7.106835130783828,13.131067387367716,final_demand,AUD,0,95051.256,1295.4021523187448,1220.2794035184727,123129601.603,28,78
flat_steel,import,2012Q2,2012,2,11.560750611278717,7.077148487642491,13.144222711757223,final_demand,AUD,0,104898.722,1198.170155171195,1184.5858367697065,125686518.016,30,80
flat_steel,import,2012Q3,2012,3,11.43958152702187,7.093430501138422,13.144075944309979,final_demand,AUD,0,92928.116,1255.7402221734487,1204.031154227726,116693573.032,27,76
flat_steel,import,2012Q4,2012,4,11.450549393385707,6.986533417579756,13.145941222530812,final_demand,AUD,0,93952.949,1124.9845264782484,1081.9642493341796,105695613.842,28,76
flat_steel,import,2013Q1,2013,1,11.296010103155423,7.008104865057563,13.145720464430974,final_demand,AUD,0,80499.81,1145.8649973832237,1105.557337979146,92241914.575,30,81
flat_steel,import,2013Q2,2013,2,11.184399883877877,7.21558172400383,13.142183651603624,final_demand,AUD,0,71998.451,1325.5369045925725,1360.4648529984092,95436603.874,27,75
flat_steel,import,2013Q3,2013,3,10.826481904854028,7.306627901991995,13.152312394764186,final_demand,AUD,0,50336.307,1355.298698472258,1490.1437964864976,68220731.363,29,74
flat_steel,import,2013Q4,2013,4,10.707094172121451,7.368615148687902,13.154664048353983,final_demand,AUD,0,44671.642,1453.736764500396,1585.4366680068279,64940808.306,24,71
flat_steel,import,2014Q1,2014,1,11.142459995919058,7.208286605967662,13.15630866145707,final_demand,AUD,0,69041.289,1211.882028448223,1350.5762145590838,83669897.36,29,77
flat_steel,import,2014Q2,2014,2,10.934740563247932,7.283962427211933,13.155769139530014,final_demand,AUD,0,56091.556,1360.8448570405144,1456.7488654671522,76331905.506,26,72
flat_steel,import,2014Q3,2014,3,11.155567544999311,7.180173791994407,13.158832230739097,final_demand,AUD,0,69952.208,1199.3098834564307,1313.1364510187996,83894374.424,26,72
flat_steel,import,2014Q4,2014,4,11.039762353813869,7.2668652267517375,13.161514857391818,final_demand,AUD,0,62302.844,1216.13004944044,1432.0542440863571,75768360.75400001,32,83
flat_steel,import,2015Q1,2015,1,11.076042736638309,7.331303575211894,13.165231277631504,final_demand,AUD,0,64604.719,1181.420588099764,1527.3715184675264,76325345.115,31,82
flat_steel,import,2015Q2,2015,2,10.851184989876975,7.426689741123343,13.167390278898885,final_demand,AUD,0,51595.255,1305.872646486581,1680.2363400821841,67376832.193,28,80
flat_steel,import,2015Q3,2015,3,10.73704046819222,7.449282859972197,13.170696294194967,final_demand,AUD,0,46029.624,1228.6694311472106,1718.630204820382,56555191.936,32,86
flat_steel,import,2015Q4,2015,4,10.878504182438087,7.188226775879369,13.173457551968843,final_demand,AUD,0,53024.226,952.7061487705638,1323.7538110337537,50516506.144,31,82
flat_steel,import,2016Q1,2016,1,10.925755082127305,7.022954351456827,13.181874909377813,final_demand,AUD,0,55589.804,818.0524736334744,1122.096793924758,45475376.671,30,72
flat_steel,import,2016Q2,2016,2,10.71753780747672,7.130531488180924,13.185576645782255,final_demand,AUD,0,45140.621,929.305433724538,1249.540906683039,41949424.377,31,81
flat_steel,import,2016Q3,2016,3,10.725174858796368,7.22891792612976,13.187476733292742,final_demand,AUD,0,45486.682,1041.6255125181476,1378.7298091290154,47380088.451000005,31,82
flat_steel,import,2016Q4,2016,4,10.701468149861682,7.2273476967686365,13.198488884393813,final_demand,AUD,0,44421.024,1023.8519066107076,1376.5665859244345,45480550.116,30,80
flat_steel,import,2017Q1,2017,1,10.359253746288843,7.517584151073211,13.205531043459233,final_demand,AUD,0,31547.63,1404.5004946171869,1840.1164765516019,44308661.939,29,76
flat_steel,import,2017Q2,2017,2,10.36000914366091,7.557508632061343,13.212609849160653,final_demand,AUD,0,31571.47,1443.4730256145815,1915.0684250276533,45572565.324,28,74
flat_steel,import,2017Q3,2017,3,10.41679250023687,7.471861396915532,13.223304943871861,final_demand,AUD,0,33416.08,1390.0460287981116,1757.87574661383,46449889.302,29,76
flat_steel,import,2017Q4,2017,4,10.243397800987433,7.480985717582813,13.231874069155236,final_demand,AUD,0,28096.43,1363.3082810876683,1773.9885660982213,38304095.688,27,69
flat_steel,import,2018Q1,2018,1,10.494099666539386,7.578511833481787,13.241606679685574,final_demand,AUD,0,36101.86,1533.2154086797743,1955.7163670933298,55351928.034,28,70
flat_steel,import,2018Q2,2018,2,10.544362275273906,7.569171911577148,13.244094165975476,final_demand,AUD,0,37962.81,1454.5868064824497,1937.5351666215813,55220202.563,29,74
flat_steel,import,2018Q3,2018,3,10.519257075187229,7.69315756813954,13.248620627487137,final_demand,AUD,0,37021.61,1601.8052379677706,2193.289099703685,59301408.816,28,73
flat_steel,import,2018Q4,2018,4,10.302474053046518,7.650959308089846,13.249549179286253,final_demand,AUD,0,29806.27,1503.6441300102294,2102.661722619837,44818022.923,27,63
flat_steel,import,2019Q1,2019,1,9.581755917455585,7.91205165258564,13.252687883460384,final_demand,AUD,0,14497.854,1956.3652634382995,2729.9857068675287,28363097.96,24,58
flat_steel,import,2019Q2,2019,2,9.796692619704821,7.906729816937665,13.256152736752576,final_demand,AUD,0,17974.199,1897.841176510842,2715.4957623644464,34112174.977,25,61
flat_steel,import,2019Q3,2019,3,9.884958596775881,7.893648935605676,13.26153906100687,final_demand,AUD,0,19632.833,1818.8250415515683,2680.2059983467047,35708688.297,22,55
flat_steel,import,2019Q4,2019,4,9.675311609955143,7.999792289693055,13.26586267498502,final_demand,AUD,0,15919.684,2056.9372496338497,2980.3388756433837,32745791.022,25,53
flat_steel,import,2020Q1,2020,1,9.94811396507216,7.867344423964362,13.26269906819786,final_demand,AUD,0,20912.743,1688.1050933873191,2610.6236652215152,35302907.975,25,59
flat_steel,import,2020Q2,2020,2,9.800726488707346,7.928491215180888,13.181974780205344,final_demand,AUD,0,18046.851,1857.665472275468,2775.2364095455846,33525011.986,23,55
flat_steel,import,2020Q3,2020,3,9.729441201584248,7.887907712607371,13.229603924694663,final_demand,AUD,0,16805.159,1924.9893239927096,2664.8624256108887,32349751.663,24,54
flat_steel,import,2020Q4,2020,4,9.646156589726694,7.965148256284765,13.266550297716826,final_demand,AUD,0,15462.246,2121.6717286738294,2878.8559547750183,32805810.2,20,46
flat_steel,import,2021Q1,2021,1,10.709543888448405,7.368097053759085,13.286527752413827,final_demand,AUD,0,44781.209,1218.6880815343775,1584.6154740557527,54574325.685,23,60
flat_steel,import,2021Q2,2021,2,10.436347810815898,7.730829559655768,13.301222279456224,final_demand,AUD,0,34075.973,1747.1459669838337,2277.490731781926,59535698.798,25,63
flat_steel,import,2021Q3,2021,3,10.363383647322856,7.959332872557084,13.285293122505816,final_demand,AUD,0,31678.188,2091.261797139407,2862.1628880403828,66247384.367,23,63
flat_steel,import,2021Q4,2021,4,11.133899808693641,7.816383153477649,13.3208305559963,final_demand,AUD,0,68452.805,1813.910280900834,2480.9160686584055,124167246.746,24,65
flat_steel,import,2022Q1,2022,1,10.829180861313247,7.8534251310075875,13.34182977627261,final_demand,AUD,0,50472.346,1858.763973047736,2574.537360182898,93816178.38,23,59
flat_steel,import,2022Q2,2022,2,10.687116433624654,7.959926563179058,13.35124244913007,final_demand,AUD,0,43788.059,2025.3704866434016,2863.86263181662,88687042.366,22,60
flat_steel,import,2022Q3,2022,3,10.825250245884456,7.8980367106988085,13.356775993620005,final_demand,AUD,0,50274.348,1829.6325076955748,2691.9919776747943,91983581.404,24,62
flat_steel,import,2022Q4,2022,4,10.72890713352241,7.747684837323231,13.362228736729433,final_demand,AUD,0,45656.768,1535.0517334472736,2316.2038137954155,70085500.862,23,59
flat_steel,import,2023Q1,2023,1,10.483476813207826,7.760288848812183,13.372047588714445,final_demand,AUD,0,35720.385,1600.4196477165628,2345.582026017189,57167605.978,24,62
flat_steel,import,2023Q2,2023,2,10.626886887146698,7.772865514185982,13.383383662212546,final_demand,AUD,0,41228.576,1562.401872744768,2375.267909687962,64415604.353,26,66
flat_steel,import,2023Q3,2023,3,11.077001850408038,7.592709681907966,13.387566684895683,final_demand,AUD,0,64666.712,1297.3590133204857,1983.681383407828,83895941.675,27,69
flat_steel,import,2023Q4,2023,4,10.902335853800386,7.54659974534305,13.387519126665607,final_demand,AUD,0,54303.059776,1251.183895847954,1894.2906975111032,67943113.887,26,67
flat_steel,import,2024Q1,2024,1,10.934238151118869,7.605536340905433,13.393659937566671,final_demand,AUD,0,56063.382,1314.3931757987773,2009.2892687892067,73689326.713,27,64
flat_steel,import,2024Q2,2024,2,11.021891373667628,7.5328754048784115,13.397116733011543,final_demand,AUD,0,61199.321,1232.247275815364,1868.4703956324709,75412696.584,26,66
flat_steel,import,2024Q3,2024,3,10.923181878545595,7.5398992879338795,13.405520728727193,final_demand,AUD,0,55446.944,1267.8175322160223,1881.6405117160743,70296607.711,23,60
flat_steel,import,2024Q4,2024,4,10.733650625917322,7.570054080912282,13.409056961462394,final_demand,AUD,0,45873.855,1247.0380544211948,1939.2451548700212,57206442.888,25,64
flat_steel,export,2011Q1,2011,1,12.389217921307809,6.69926923683872,4.419574301185631,trade_weighted_gdp,USD,0,240197.774,811.8123657840392,,194995523.167,17,43
flat_steel,export,2011Q2,2011,2,12.435006790946737,6.605894802929218,4.419574301185631,trade_weighted_gdp,USD,0,251451.848,739.4412274512296,,185933863.13,17,42
flat_steel,export,2011Q3,2011,3,12.72307128695708,6.54927428365586,4.419574301185631,trade_weighted_gdp,USD,0,335397.37,698.7369049793086,,234354520.252,19,46
flat_steel,export,2011Q4,2011,4,12.542615236819296,6.48860614433476,4.419574301185631,trade_weighted_gdp,USD,0,280019.7,657.6061160982603,,184142667.348,22,43
flat_steel,export,2012Q1,2012,1,10.902088603723461,6.5051067489611185,4.464775147185402,trade_weighted_gdp,USD,0,54289.635,668.547032246579,,36295174.361,23,44
flat_steel,export,2012Q2,2012,2,12.01991159530572,6.515902479297682,4.464775147185402,trade_weighted_gdp,USD,0,166027.978,675.8035851403309,,112202302.766,17,41
flat_steel,export,2012Q3,2012,3,9.761944379711503,6.805705077121417,4.464775147185402,trade_weighted_gdp,USD,0,17360.354,902.9842190429988,,15676125.699,20,43
flat_steel,export,2012Q4,2012,4,12.141015429893866,6.34612032580731,4.464775147185402,trade_weighted_gdp,USD,0,187402.77,570.2759268019358,,106871288.347,18,39
flat_steel,export,2013Q1,2013,1,11.735528750367086,6.322417834594782,4.513610066297729,trade_weighted_gdp,USD,0,124932.485,556.9179012808398,,69577137.348,22,43
flat_steel,export,2013Q2,2013,2,12.237269959047593,6.305109442613101,4.513610066297729,trade_weighted_gdp,USD,0,206337.81,547.3614895786671,,112941371.038,20,39
flat_steel,export,2013Q3,2013,3,11.16626676201806,6.316960260620325,4.513610066297729,trade_weighted_gdp,USD,0,70704.66,553.8867595007174,,39162375.009,22,39
flat_steel,export,2013Q4,2013,4,10.134564352254854,6.535892300890097,4.513610066297729,trade_weighted_gdp,USD,0,25199.12,689.448705629403,,17373500.667,21,41
flat_steel,export,2014Q1,2014,1,10.076273960610218,6.513766672635485,4.558245803317075,trade_weighted_gdp,USD,0,23772.244,674.3617396405657,,16031091.819,21,36
flat_steel,export,2014Q2,2014,2,11.93259566795494,6.269290091919537,4.558245803317075,trade_weighted_gdp,USD,0,152145.97,528.1023406535185,,80348642.878,19,36
flat_steel,export,2014Q3,2014,3,11.337250621753514,6.457854784046119,4.558245803317075,trade_weighted_gdp,USD,0,83889.071,637.691602008562,,53495356.077,17,30
flat_steel,export,2014Q4,2014,4,12.008910875471207,6.3429494391037835,4.558245803317075,trade_weighted_gdp,USD,0,164211.56,568.470510346531,,93349429.318,17,32
flat_steel,export,2015Q1,2015,1,11.928220368614666,5.979127237233704,4.605170185988091,trade_weighted_gdp,USD,0,151481.74,395.0953930883023,,59849737.611,18,32
flat_steel,export,2015Q2,2015,2,12.178514175289907,6.016860568064222,4.605170185988091,trade_weighted_gdp,USD,0,194563.56,410.28849888437486,,79827190.97,19,34
flat_steel,export,2015Q3,2015,3,11.18583722857023,5.958559865927558,4.605170185988091,trade_weighted_gdp,USD,0,72102.012,387.05231544717503,,27907250.693,18,28
flat_steel,export,2015Q4,2015,4,11.841363211343102,5.824217272463475,4.605170185988091,trade_weighted_gdp,USD,0,138879.678,338.3961573989248,,46996349.376,19,33
flat_steel,export,2016Q1,2016,1,10.77386606498223,5.932406308240389,4.649407142881142,trade_weighted_gdp,USD,0,47756.29,377.0607474324325,,18007022.402,14,23
flat_steel,export,2016Q2,2016,2,11.863497966827186,5.73186998827253,4.649407142881142,trade_weighted_gdp,USD,0,141988.02,308.5457060954861,,43809793.888,17,33
flat_steel,export,2016Q3,2016,3,11.730267660916715,6.123108126372634,4.649407142881142,trade_weighted_gdp,USD,0,124276.93,456.2806708292521,,56705160.989,17,34
flat_steel,export,2016Q4,2016,4,11.938130943534695,6.062572309998479,4.649407142881142,trade_weighted_gdp,USD,0,152990.475,429.47876972733104,,65706160.983,18,38
flat_steel,export,2017Q1,2017,1,12.036574831937685,6.176957596977929,4.696732880003459,trade_weighted_gdp,USD,0,168817.72,481.5247332389041,,81289907.589,20,37
flat_steel,export,2017Q2,2017,2,12.307662205061764,6.270002473956968,4.696732880003459,trade_weighted_gdp,USD,0,221385.81,528.4786853095959,,116997681.815,21,39
flat_steel,export,2017Q3,2017,3,11.716894025583198,6.3508037177414165,4.696732880003459,trade_weighted_gdp,USD,0,122625.96,572.9530165146108,,70258913.685,22,44
flat_steel,export,2017Q4,2017,4,11.652187543303736,6.355945619268108,4.696732880003459,trade_weighted_gdp,USD,0,114942.53,575.9066716993266,,66196169.889,25,46
flat_steel,export,2018Q1,2018,1,11.845362212805776,6.169640373139907,4.741599284032133,trade_weighted_gdp,USD,0,139436.17,478.0141684399392,,66652464.853,18,39
flat_steel,export,2018Q2,2018,2,12.28539677200915,6.2572325994445555,4.741599284032133,trade_weighted_gdp,USD,0,216511.03,521.7729854132605,,112969606.498,24,53
flat_steel,export,2018Q3,2018,3,11.410831718717217,6.287373513714712,4.741599284032133,trade_weighted_gdp,USD,0,90294.49,537.7391082888889,,48554878.536,21,48
flat_steel,export,2018Q4,2018,4,11.346370991844067,6.4329924218350385,4.741599284032133,trade_weighted_gdp,USD,0,84657.67,622.0325495492611,,52659826.309,21,44
flat_steel,export,2019Q1,2019,1,11.371934978274446,6.464091560399366,4.778460450005732,trade_weighted_gdp,USD,0,86849.757394,641.681170002325,,55729853.939,20,37
flat_steel,export,2019Q2,2019,2,12.792391428064356,6.269592263453176,4.778460450005732,trade_weighted_gdp,USD,0,359471.95,528.261942260029,,189895350.495,22,41
flat_steel,export,2019Q3,2019,3,11.281980032980064,6.378342863198351,4.778460450005732,trade_weighted_gdp,USD,0,79378.278,588.9509262974941,,46749910.356,22,41
flat_steel,export,2019Q4,2019,4,11.463959887073708,6.347217506425188,4.778460450005732,trade_weighted_gdp,USD,0,95221.390634,570.9019658718294,,54362079.106000006,17,36
flat_steel,export,2020Q1,2020,1,11.748020590837694,6.3584395743842075,4.774611394170627,trade_weighted_gdp,USD,0,126502.91,577.3447495950884,,73035790.897,20,43
flat_steel,export,2020Q2,2020,2,12.019073797620429,6.29813422533463,4.774611394170627,trade_weighted_gdp,USD,0,165888.938396,543.5568089220724,,90170061.99,18,36
flat_steel,export,2020Q3,2020,3,11.557095046862274,6.310110046331255,4.774611394170627,trade_weighted_gdp,USD,0,104515.958,550.1054825713792,,57494801.512,22,43
flat_steel,export,2020Q4,2020,4,11.664257415911166,6.284165213849013,4.774611394170627,trade_weighted_gdp,USD,0,116338.278,536.0166445475495,,62359253.406,23,44
flat_steel,export,2021Q1,2021,1,10.920514281446287,6.407052712320053,4.84047083168027,trade_weighted_gdp,USD,0,55299.231,606.1046811482785,,33517122.773,21,43
flat_steel,export,2021Q2,2021,2,11.400024939189851,6.389746227420097,4.84047083168027,trade_weighted_gdp,USD,0,89323.951,595.7053868116515,,53210758.782,23,46
flat_steel,export,2021Q3,2021,3,10.753139912512465,6.414109610553631,4.84047083168027,trade_weighted_gdp,USD,0,46776.672768,610.3970277153339,,28552342.024,23,40
flat_steel,export,2021Q4,2021,4,10.733144763296856,6.40653700515653,4.84047083168027,trade_weighted_gdp,USD,0,45850.655,605.7921892064575,,27775968.669000003,19,37
flat_steel,export,2022Q1,2022,1,8.736030524266141,6.8181161172233296,4.869022379495034,trade_weighted_gdp,USD,0,6223.144,914.2610260987052,,5689578.019,16,32
flat_steel,export,2022Q2,2022,2,10.643970435286398,7.150894904620961,4.869022379495034,trade_weighted_gdp,USD,1,41938.957,1275.2466688191605,,53482515.208,18,35
flat_steel,export,2022Q3,2022,3,11.712515157268031,6.382303241526679,4.869022379495034,trade_weighted_gdp,USD,0,122090.171,591.2880196146174,,72190455.425,22,40
flat_steel,export,2022Q4,2022,4,11.7699287525304,6.318337819735973,4.869022379495034,trade_weighted_gdp,USD,0,129304.937773,554.6502970436103,,71719022.145,19,39
flat_steel,export,2023Q1,2023,1,10.712577312662804,6.4148629070730845,4.910528181425606,trade_weighted_gdp,USD,0,44917.255643,610.8570109019116,,27438020.52,19,37
flat_steel,export,2023Q2,2023,2,11.760982800192192,6.4245357769999485,4.910528181425606,trade_weighted_gdp,USD,0,128153.340709,616.7944209155435,,79044265.571,15,36
flat_steel,export,2023Q3,2023,3,11.737509977600839,6.186785712210753,4.910528181425606,trade_weighted_gdp,USD,0,125180.25,486.28054586086864,,60872720.301,23,44
flat_steel,export,2023Q4,2023,4,11.184743792190266,6.440928755766621,4.910528181425606,trade_weighted_gdp,USD,0,72023.216124,626.98884898799,,45157753.378,21,40
flat_steel,export,2024Q1,2024,1,11.919191452289006,6.487622840401877,4.946731907456288,trade_weighted_gdp,USD,0,150120.18,656.9598072291147,,98622924.514,19,38
flat_steel,export,2024Q2,2024,2,11.676009085962745,6.414413224655343,4.946731907456288,trade_weighted_gdp,USD,0,117713.511878,610.582380997103,,71873796.358,22,40
flat_steel,export,2024Q3,2024,3,11.853261228550162,6.381975585185845,4.946731907456288,trade_weighted_gdp,USD,0,140541.94,591.0943120822154,,83073541.343,18,33
flat_steel,export,2024Q4,2024,4,11.584751604293878,6.359010635854898,4.946731907456288,trade_weighted_gdp,USD,0,107446.852,577.6745430941057,,62069311.136,16,29
treated_flat_steel,import,2011Q1,2011,1,11.843661638936906,6.999683479371904,13.080786931690664,final_demand,AUD,0,139199.25,1111.3639305527863,1096.286106339832,154701025.60999998,16,45
treated_flat_steel,import,2011Q2,2011,2,11.612018444593435,7.065039054903909,13.085871577378287,final_demand,AUD,0,110416.896,1261.8493607445732,1170.3276775983293,139329489.63300002,16,44
treated_flat_steel,import,2011Q3,2011,3,11.784835599223454,7.073014541372292,13.110276626029178,final_demand,AUD,0,131246.905,1232.8490800144964,1179.6989306313317,161807626.084,16,45
treated_flat_steel,import,2011Q4,2011,4,11.758097642636738,7.07820045478996,13.113308505508092,final_demand,AUD,0,127784.131,1212.4626222249772,1185.832637835246,154933482.551,16,46
treated_flat_steel,import,2012Q1,2012,1,11.91424406150251,6.972945316522955,13.131067387367716,final_demand,AUD,0,149379.311,1133.070693437594,1067.3618439319016,169257319.5,15,43
treated_flat_steel,import,2012Q2,2012,2,11.698057202837363,6.993792559217213,13.144222711757223,final_demand,AUD,0,120337.696,1102.3448511761435,1089.8469572985593,132653639.588,15,44
treated_flat_steel,import,2012Q3,2012,3,11.775540905582657,6.992733804473475,13.144075944309979,final_demand,AUD,0,130032.657,1135.4494009147256,1088.6936872853505,147645502.49,17,47
treated_flat_steel,import,2012Q4,2012,4,11.981418159578899,6.893122338580008,13.145941222530812,final_demand,AUD,0,159758.433,1024.6572867799723,985.4736007670108,163697642.498,16,44
treated_flat_steel,import,2013Q1,2013,1,11.415206202655487,7.010362704822606,13.145720464430974,final_demand,AUD,0,90690.347,1148.4550998575403,1108.056329398849,104153791.52,16,46
treated_flat_steel,import,2013Q2,2013,2,11.38521594942624,7.0644667034690025,13.142183651603624,final_demand,AUD,0,88010.9,1139.6287686525193,1169.658030527757,100299753.595,15,44
treated_flat_steel,import,2013Q3,2013,3,11.608494938427775,7.097084940922702,13.152312394764186,final_demand,AUD,0,110028.526,1099.0859838747635,1208.4392632579234,120930810.753,15,45
treated_flat_steel,import,2013Q4,2013,4,11.360111839220988,7.100954503435703,13.154664048353983,final_demand,AUD,0,85828.967,1112.3519807246423,1213.1244535023875,95472021.446,16,45
treated_flat_steel,import,2014Q1,2014,1,11.636705602012286,7.057171597062331,13.15630866145707,final_demand,AUD,0,113176.701,1041.9141369123315,1161.1562989579995,117920404.741,15,45
treated_flat_steel,import,2014Q2,2014,2,11.549908541866385,7.061095267854359,13.155769139530014,final_demand,AUD,0,103767.546,1088.9768284777592,1165.7212438271094,113000453.142,16,47
treated_flat_steel,import,2014Q3,2014,3,11.532143342902446,7.07340107254577,13.158832230739097,final_demand,AUD,0,101940.373,1077.855667950126,1180.155009181949,109877008.831,15,43
treated_flat_steel,import,2014Q4,2014,4,11.62379563954342,7.048078546403452,13.161514857391818,final_demand,AUD,0,111724.985,977.1521043301102,1150.6457050113222,109172304.199,16,44
treated_flat_steel,import,2015Q1,2015,1,11.574440156439474,7.133568158210168,13.165231277631504,final_demand,AUD,0,106344.612,969.4583026077522,1253.3411171770733,103096667.041,16,45
treated_flat_steel,import,2015Q2,2015,2,11.473166790341617,7.127255196789524,13.167390278898885,final_demand,AUD,0,96102.133,967.9614349662768,1245.4537455886198,93023158.562,15,43
treated_flat_steel,import,2015Q3,2015,3,11.499277270639677,7.125581013959493,13.170696294194967,final_demand,AUD,0,98644.452,888.9004535906388,1243.370372772278,87685098.127,16,46
treated_flat_steel,import,2015Q4,2015,4,11.551234945769693,7.056721830326234,13.173457551968843,final_demand,AUD,0,103905.275,835.3088754637338,1160.6341669069338,86792998.415,16,46
treated_flat_steel,import,2016Q1,2016,1,11.589639447812191,6.976044180782103,13.181874909377813,final_demand,AUD,0,107973.321,780.5636700199302,1070.6745836159357,84280051.704,16,42
treated_flat_steel,import,2016Q2,2016,2,11.276431770735822,7.0374807112018365,13.185576645782255,final_demand,AUD,0,78939.086,846.7340753096636,1138.5157406660333,66840413.99,15,45
treated_flat_steel,import,2016Q3,2016,3,11.346929096182896,7.077654525469129,13.187476733292742,final_demand,AUD,0,84704.931,895.4034188871484,1185.185433708583,75845084.814,16,46
treated_flat_steel,import,2016Q4,2016,4,11.439722206516542,7.0436373519567725,13.198488884393813,final_demand,AUD,0,92941.19,852.0258168848494,1145.5467947031984,79188293.332,16,45
treated_flat_steel,import,2017Q1,2017,1,10.859634756964184,7.1681128628785755,13.205531043459233,final_demand,AUD,0,52033.07,990.2581933758664,1297.3939309062428,51526173.894,14,42
treated_flat_steel,import,2017Q2,2017,2,10.722958305432567,7.255965938014585,13.212609849160653,final_demand,AUD,0,45385.97,1067.7027086564417,1416.5306232819125,48458723.104,15,45
treated_flat_steel,import,2017Q3,2017,3,10.785999966520317,7.27996191986468,13.223304943871861,final_demand,AUD,0,48339.29,1147.3298622714567,1450.9327723461352,55461110.938,14,41
treated_flat_steel,import,2017Q4,2017,4,10.65039324882696,7.245338850517135,13.231874069155236,final_demand,AUD,0,42209.19,1077.0948235206597,1401.5567337453588,45463300.054,16,45
treated_flat_steel,import,2018Q1,2018,1,10.651276315705081,7.2355917986306,13.241606679685574,final_demand,AUD,0,42246.48,1088.1152483709884,1387.9620492174604,45969039.078,15,43
treated_flat_steel,import,2018Q2,2018,2,10.536886055653326,7.322478073349418,13.244094165975476,final_demand,AUD,0,37680.05,1136.5848723926852,1513.9510067716953,42826574.821,14,41
treated_flat_steel,import,2018Q3,2018,3,10.563230988528353,7.363095311902925,13.248620627487137,final_demand,AUD,0,38685.92,1151.504111366616,1576.7094250038865,44546995.932,14,40
treated_flat_steel,import,2018Q4,2018,4,10.432999887077349,7.378396283857679,13.249549179286253,final_demand,AUD,0,33962.08,1144.9128924082388,1601.0201260749043,38883623.245000005,13,36
treated_flat_steel,import,2019Q1,2019,1,10.55188968888602,7.348224557932611,13.252687883460384,final_demand,AUD,0,38249.65,1113.2249903463169,1553.4360423226944,42580466.252,12,34
treated_flat_steel,import,2019Q2,2019,2,10.370066982146104,7.3867052309482055,13.256152736752576,final_demand,AUD,0,31890.613,1128.2778360516304,1614.3783370749447,35981471.826,12,34
treated_flat_steel,import,2019Q3,2019,3,10.276589063640836,7.3994391295839375,13.26153906100687,final_demand,AUD,0,29044.635,1109.5792673242408,1635.067112000313,32227324.823,13,34
treated_flat_steel,import,2019Q4,2019,4,10.37763654662236,7.360941733372477,13.26586267498502,final_demand,AUD,0,32132.927,1085.854840394714,1573.317511124843,34891694.319,13,35
treated_flat_steel,import,2020Q1,2020,1,10.319244418353193,7.317690626036024,13.26269906819786,final_demand,AUD,0,30310.347,974.2891560759764,1506.7203680529744,29531042.399,11,32
treated_flat_steel,import,2020Q2,2020,2,10.333344805334477,7.347804356702411,13.181974780205344,final_demand,AUD,0,30740.762,1039.3897046859151,1552.7834237118461,31951631.537,11,33
treated_flat_steel,import,2020Q3,2020,3,10.471693935421523,7.2449480647628635,13.229603924694663,final_demand,AUD,0,35301.966,1012.032589997962,1401.0091323443894,35726740.083,12,33
treated_flat_steel,import,2020Q4,2020,4,10.396179256139424,7.248897776176009,13.266550297716826,final_demand,AUD,0,32734.317,1036.6080049875486,1406.5536565315815,33932655.04,12,35
treated_flat_steel,import,2021Q1,2021,1,11.322079365284205,7.194965796356311,13.286527752413827,final_demand,AUD,0,82625.974,1024.949845057197,1332.7047414493532,84687479.249,16,41
treated_flat_steel,import,2021Q2,2021,2,10.966545130710754,7.344977254513822,13.301222279456224,final_demand,AUD,0,57904.196,1187.8337563999678,1548.3997457687337,68780558.646,14,37
treated_flat_steel,import,2021Q3,2021,3,11.223463703143695,7.514181358628807,13.285293122505816,final_demand,AUD,0,74866.642,1339.928293965689,1833.865583385974,100315931.89,14,37
treated_flat_steel,import,2021Q4,2021,4,11.635595818209929,7.676132087996761,13.3208305559963,final_demand,AUD,0,113051.169,1576.5419760144189,2156.2633843533927,178229913.366,13,36
treated_flat_steel,import,2022Q1,2022,1,11.848238637278703,7.666167929364198,13.34182977627261,final_demand,AUD,0,139837.825,1541.3436477576793,2134.884721014992,215538143.28,13,37
treated_flat_steel,import,2022Q2,2022,2,11.774009025070487,7.677628976926837,13.35124244913007,final_demand,AUD,0,129833.615,1527.2291094875543,2159.4934880938904,198285676.218,14,38
treated_flat_steel,import,2022Q3,2022,3,11.754890841182531,7.693796130230641,13.356775993620005,final_demand,AUD,0,127375.009,1491.6375610933223,2194.6900982422526,189997347.769,14,40
treated_flat_steel,import,2022Q4,2022,4,11.706342051984448,7.630355121647212,13.362228736729433,final_demand,AUD,0,121338.817,1365.1091207276231,2059.7813629222755,165640725.785,14,41
treated_flat_steel,import,2023Q1,2023,1,11.328193754086868,7.4985911198740185,13.372047588714445,final_demand,AUD,0,83132.729,1231.9128768165424,1805.4968930197454,102412279.34,14,40
treated_flat_steel,import,2023Q2,2023,2,11.138237310060257,7.515548934631883,13.383383662212546,final_demand,AUD,0,68750.364,1207.9294791951938,1836.375249639206,83045591.381,15,39
treated_flat_steel,import,2023Q3,2023,3,11.55450277416852,7.4659515305981925,13.387566684895683,final_demand,AUD,0,104245.375,1142.904144927293,1747.517573805038,119142471.177,15,44
treated_flat_steel,import,2023Q4,2023,4,11.493738720978985,7.415059668866859,13.387519126665607,final_demand,AUD,0,98099.615,1096.9681457669328,1660.8082639874576,107612152.767,13,39
treated_flat_steel,import,2024Q1,2024,1,11.436050079365561,7.384475347134547,13.393659937566671,final_demand,AUD,0,92600.524,1053.7066619946988,1610.782471623065,97573789.043,15,38
treated_flat_steel,import,2024Q2,2024,2,11.22581001862222,7.414993101937886,13.397116733011543,final_demand,AUD,0,75042.509,1095.2221867075366,1660.6977127612781,82188220.803,14,41
treated_flat_steel,import,2024Q3,2024,3,11.42467102478849,7.393917318706881,13.405520728727193,final_demand,AUD,0,91552.79,1095.6140412869995,1626.063461740581,100306522.243,14,39
treated_flat_steel,import,2024Q4,2024,4,11.408652291275143,7.403877250194541,13.409056961462394,final_demand,AUD,0,90097.914,1056.1121183116404,1642.3398637870423,95153498.81,14,40
treated_flat_steel,export,2011Q1,2011,1,8.567039369235504,7.393541881241778,4.419574301185631,trade_weighted_gdp,USD,0,5255.547,1625.4530911815652,,8542645.117,11,22
treated_flat_steel,export,2011Q2,2011,2,8.360457506674189,7.891668493021846,4.419574301185631,trade_weighted_gdp,USD,0,4274.65,2674.903256874832,,11434275.207,11,25
treated_flat_steel,export,2011Q3,2011,3,8.291224152167832,7.866431566279649,4.419574301185631,trade_weighted_gdp,USD,0,3988.714,2608.241624744216,,10403529.884,8,21
treated_flat_steel,export,2011Q4,2011,4,8.387347797145399,7.881241940501708,4.419574301185631,trade_weighted_gdp,USD,0,4391.156,2647.1581319361007,,11624084.314,11,22
treated_flat_steel,export,2012Q1,2012,1,8.11374404988125,8.008544302009893,4.464775147185402,trade_weighted_gdp,USD,0,3340.06,3006.5373154973267,,10042015.026,11,23
treated_flat_steel,export,2012Q2,2012,2,8.34665584724232,7.699236324740225,4.464775147185402,trade_weighted_gdp,USD,0,4216.058,2206.662174951104,,9303415.716,10,25
treated_flat_steel,export,2012Q3,2012,3,8.110096152432947,7.895319686158783,4.464775147185402,trade_weighted_gdp,USD,0,3327.898,2684.687696858497,,8934366.817,9,23
treated_flat_steel,export,2012Q4,2012,4,8.600598056084872,7.83460832872018,4.464775147185402,trade_weighted_gdp,USD,0,5434.909,2526.5457401402678,,13731546.182,9,20
treated_flat_steel,export,2013Q1,2013,1,8.340382979223035,7.759495774350602,4.513610066297729,trade_weighted_gdp,USD,0,4189.694,2343.72254226681,,9819480.273,10,23
treated_flat_steel,export,2013Q2,2013,2,8.306689420448464,7.759770896791418,4.513610066297729,trade_weighted_gdp,USD,0,4050.88,2344.3674416423096,,9496751.182,12,25
treated_flat_steel,export,2013Q3,2013,3,8.316812342833309,7.756773911611554,4.513610066297729,trade_weighted_gdp,USD,0,4092.095,2337.3519251141533,,9564666.126,13,29
treated_flat_steel,export,2013Q4,2013,4,8.367129315883064,7.662908228018436,4.513610066297729,trade_weighted_gdp,USD,0,4303.265,2127.9369643747245,,9157076.661,12,24
treated_flat_steel,export,2014Q1,2014,1,7.6665712791515945,7.770867966496142,4.558245803317075,trade_weighted_gdp,USD,0,2135.746,2370.5279345015742,,5062845.554,9,19
treated_flat_steel,export,2014Q2,2014,2,9.8236669868539,5.962634021622239,4.558245803317075,trade_weighted_gdp,USD,0,18465.64,388.632443500469,,7176346.794,10,18
treated_flat_steel,export,2014Q3,2014,3,9.97287689874992,4.938293598986255,4.558245803317075,trade_weighted_gdp,USD,0,21437.069,139.53194884058075,,2991156.015,10,20
treated_flat_steel,export,2014Q4,2014,4,10.689665612722743,4.506865719915931,4.558245803317075,trade_weighted_gdp,USD,1,43899.825,90.6372901942092,,3978961.178,10,21
treated_flat_steel,export,2015Q1,2015,1,7.8096902583674295,7.3358343224614435,4.605170185988091,trade_weighted_gdp,USD,0,2464.367,1534.3073531661475,,3781096.409,11,19
treated_flat_steel,export,2015Q2,2015,2,7.502997415988939,7.31468833333938,4.605170185988091,trade_weighted_gdp,USD,0,1813.47,1502.2035363143584,,2724201.047,12,20
treated_flat_steel,export,2015Q3,2015,3,7.581408684546121,7.200953130209876,4.605170185988091,trade_weighted_gdp,USD,0,1961.39,1340.708024921102,,2629651.313,13,24
treated_flat_steel,export,2015Q4,2015,4,7.757884840602091,7.226029802957974,4.605170185988091,trade_weighted_gdp,USD,0,2339.95,1374.7536122566723,,3216854.7150000003,9,19
treated_flat_steel,export,2016Q1,2016,1,7.56736222189497,7.289886169518576,4.649407142881142,trade_weighted_gdp,USD,0,1934.032,1465.403880080578,,2834137.997,11,20
treated_flat_steel,export,2016Q2,2016,2,7.475367580836235,7.275906084124068,4.649407142881142,trade_weighted_gdp,USD,0,1764.05,1445.0599450128964,,2549157.996,12,26
treated_flat_steel,export,2016Q3,2016,3,9.76903768109619,6.707698067041763,4.649407142881142,trade_weighted_gdp,USD,0,17483.934,818.6839132428662,,14313815.506,11,24
treated_flat_steel,export,2016Q4,2016,4,10.070832940920091,6.574172210463393,4.649407142881142,trade_weighted_gdp,USD,0,23643.25,716.3523898364226,,16936898.641,16,30
treated_flat_steel,export,2017Q1,2017,1,10.342752940525491,6.79077409541779,4.696732880003459,trade_weighted_gdp,USD,0,31031.34,889.6019321434395,,27605540.021,11,24
treated_flat_steel,export,2017Q2,2017,2,11.095137896232401,6.664252230089502,4.696732880003459,trade_weighted_gdp,USD,0,65850.21,783.8770860715554,,51618470.732,14,33
treated_flat_steel,export,2017Q3,2017,3,10.641451059640168,6.750510522483558,4.696732880003459,trade_weighted_gdp,USD,0,41833.43,854.4948900436804,,35746452.168,11,27
treated_flat_steel,export,2017Q4,2017,4,10.142394998197771,6.7658171469553245,4.696732880003459,trade_weighted_gdp,USD,0,25397.22,867.6749361150551,,22036531.241,12,28
treated_flat_steel,export,2018Q1,2018,1,10.38952907202651,6.698178053871751,4.741599284032133,trade_weighted_gdp,USD,0,32517.35,810.9270130868598,,26369197.509,13,28
treated_flat_steel,export,2018Q2,2018,2,10.99287542680995,6.729116415371222,4.741599284032133,trade_weighted_gdp,USD,0,59449.08,836.4079021912534,,49723680.29,13,30
treated_flat_steel,export,2018Q3,2018,3,10.59297529551445,6.826656644130077,4.741599284032133,trade_weighted_gdp,USD,0,39853.89,922.1027354920686,,36749380.989,16,34
treated_flat_steel,export,2018Q4,2018,4,10.847534492080216,6.691164593199665,4.741599284032133,trade_weighted_gdp,USD,0,51407.25,805.2595060229833,,41396176.741,11,26
treated_flat_steel,export,2019Q1,2019,1,10.986059293404367,6.817804721418352,4.778460450005732,trade_weighted_gdp,USD,0,59045.245,913.9763733726568,,53965958.89,13,26
treated_flat_steel,export,2019Q2,2019,2,11.340224402461123,6.757549316454968,4.778460450005732,trade_weighted_gdp,USD,0,84138.91,860.5307210896837,,72404116.894,16,32
treated_flat_steel,export,2019Q3,2019,3,10.805013835961558,6.710576013362955,4.778460450005732,trade_weighted_gdp,USD,0,49267.200579,821.0434352594799,,40450511.609,12,28
treated_flat_steel,export,2019Q4,2019,4,10.866440280874512,6.5722068746652935,4.778460450005732,trade_weighted_gdp,USD,0,52388.39,714.945899406338,,37454864.607,14,28
treated_flat_steel,export,2020Q1,2020,1,10.956795768550638,6.7137541132670275,4.774611394170627,trade_weighted_gdp,USD,0,57342.41,823.6569441186724,,47230474.189,12,24
treated_flat_steel,export,2020Q2,2020,2,11.01411437675389,6.669722019643375,4.774611394170627,trade_weighted_gdp,USD,0,60725.22,788.1764764293979,,47862189.93,13,25
treated_flat_steel,export,2020Q3,2020,3,10.710702520200039,6.4643580375273935,4.774611394170627,trade_weighted_gdp,USD,0,44833.124,641.8521861425494,,28776238.651,11,21
treated_flat_steel,export,2020Q4,2020,4,10.413255437093184,6.568906152209513,4.774611394170627,trade_weighted_gdp,USD,0,33298.094,712.589951725165,,23727887.196,14,30
treated_flat_steel,export,2021Q1,2021,1,10.406999093491498,6.826166203924452,4.84047083168027,trade_weighted_gdp,USD,0,33090.42,921.6506101161604,,30497805.782,12,25
treated_flat_steel,export,2021Q2,2021,2,10.488419591311771,7.0002364395933805,4.84047083168027,trade_weighted_gdp,USD,0,35897.38,1096.8924765818565,,39375566.051,15,32
treated_flat_steel,export,2021Q3,2021,3,10.181025042269068,7.157428598798555,4.84047083168027,trade_weighted_gdp,USD,0,26397.512,1283.6060195369928,,33884005.304,11,27
treated_flat_steel,export,2021Q4,2021,4,10.14939616234038,7.186079195982133,4.84047083168027,trade_weighted_gdp,USD,0,25575.654,1320.9139944182857,,33783239.285000004,13,30
treated_flat_steel,export,2022Q1,2022,1,10.83291955838898,6.873927452325099,4.869022379495034,trade_weighted_gdp,USD,0,50661.4,966.7379368118528,,48976297.312,11,25
treated_flat_steel,export,2022Q2,2022,2,12.12989066025121,6.491068477082907,4.869022379495034,trade_weighted_gdp,USD,0,185329.511,659.2273563706755,,122174283.594,16,33
treated_flat_steel,export,2022Q3,2022,3,11.013017690658979,6.589466765469118,4.869022379495034,trade_weighted_gdp,USD,0,60658.66,727.392895457961,,44122678.332,14,29
treated_flat_steel,export,2022Q4,2022,4,12.328933000867526,6.47276429005632,4.869022379495034,trade_weighted_gdp,USD,0,226145.302,647.2704996542444,,146377182.62,10,25
treated_flat_steel,export,2023Q1,2023,1,11.641614537463576,6.523549134576624,4.910528181425606,trade_weighted_gdp,USD,0,113733.644,680.9910302179362,,77451591.398,12,27
treated_flat_steel,export,2023Q2,2023,2,11.85424713832836,6.50530792327333,4.910528181425606,trade_weighted_gdp,USD,0,140680.57,668.6815402652975,,94070500.233,13,28
treated_flat_steel,export,2023Q3,2023,3,11.504210398863323,6.375771224733269,4.910528181425606,trade_weighted_gdp,USD,0,99132.28,587.4383032348293,,58234098.359,13,28
treated_flat_steel,export,2023Q4,2023,4,11.458791085889361,6.575688344768633,4.910528181425606,trade_weighted_gdp,USD,0,94730.48,717.4393000119919,,67963369.26099999,14,28
treated_flat_steel,export,2024Q1,2024,1,11.405966116304254,6.826201194387299,4.946731907456288,trade_weighted_gdp,USD,0,89856.22,921.682859661802,,82818937.808,13,26
treated_flat_steel,export,2024Q2,2024,2,11.814519466218927,6.784509675591094,4.946731907456288,trade_weighted_gdp,USD,0,135201.22,884.0465110743824,,119524166.834,12,28
treated_flat_steel,export,2024Q3,2024,3,11.26869437621625,6.587950610971589,4.946731907456288,trade_weighted_gdp,USD,0,78330.66,726.2908910636014,,56890844.849,13,28
treated_flat_steel,export,2024Q4,2024,4,11.26046934234715,6.602059881191662,4.946731907456288,trade_weighted_gdp,USD,0,77689.03,736.6109586128183,,57226590.862,12,30
